_index,_type,_id,_score,_source/uuid
news_articles,_doc,kqjxeHEBQ7bCTl73YhJ1,3.145195,b0c81f56405e8c3d3189b9d41515cf8184dab5f8
news_articles,_doc,gKv0eHEBQ7bCTl73mHcg,3.1105168,cb8d40a6611a8cac5688cbcb65cb4f0f857baccf
news_articles,_doc,nKv0eHEBQ7bCTl73CwCe,3.105387,9dea21e3e1426e14624ed82da489d95fed15c211
news_articles,_doc,v6fweHEBQ7bCTl732YTz,3.0920286,73541bed35fe359f2bc3b54219dba4649c1cf190
news_articles,_doc,LafxeHEBQ7bCTl73NfJJ,3.0832453,26de0e24af5177984b332fd0d8c5f8517044f9a6
news_articles,_doc,0afxeHEBQ7bCTl73CIyL,3.0768325,b7a198b08d5ee4be01c51319631d4011e3422389
news_articles,_doc,W6fweHEBQ7bCTl732X_y,3.0706291,48fcdfed4e62ab8df71d0f72a852e93c0e7abdb4
news_articles,_doc,FqjxeHEBQ7bCTl73-tsV,3.069201,d0d3610723b4e969c5ab4fb69e9fa8a4b25ceb9b
news_articles,_doc,A6rzeHEBQ7bCTl73lo3b,3.0675552,54fde2fe465cc55fdedac517a01ab9aa0b52a72b
news_articles,_doc,vav0eHEBQ7bCTl730L5e,3.0675552,6475dfeb7a1589b9fc88c128da0ccce1ec9e3468
news_articles,_doc,TajxeHEBQ7bCTl73-tIU,3.0668845,231dc6aae2ba7a855cda99b0b548da27ecf198f5
news_articles,_doc,bajxeHEBQ7bCTl73k2rF,3.0633733,be02ae1f98cfbb28cfd2bf0110f9e103e26e5af9
news_articles,_doc,36nyeHEBQ7bCTl731sUo,3.0524824,c03bd0d3270205da926f3c5991399b426b68f137
news_articles,_doc,U6fxeHEBQ7bCTl73CMGX,3.0479403,488ab2d5e8b462b18bee529b026890f588bd885a
news_articles,_doc,i6jxeHEBQ7bCTl73xYoz,3.045085,065f2e56b483706424007fc1202bc4965aed7e2d
news_articles,_doc,CanzeHEBQ7bCTl73B9id,3.045085,49c93b843818dcea7fe526ceee1b2d60ac7033aa
news_articles,_doc,sajxeHEBQ7bCTl73xaQ2,3.0417368,8c2b9378d9c219c2bd6d60880d6a309d1690455a
news_articles,_doc,H6v0eHEBQ7bCTl73CwWf,3.0409188,a270af2515f5203b1e33aab3ca5a0eddedf42da2
news_articles,_doc,IqrzeHEBQ7bCTl73OEUJ,3.0364673,8e364f231731e12570f0e04ab0ff95204ed83110
news_articles,_doc,_6fweHEBQ7bCTl732Xnx,3.0352921,8895ef632d3258288a063f7047c3b45b73f6690a
news_articles,_doc,HKv0eHEBQ7bCTl73Cy2h,3.0351176,f1aefdfeaee0f65caa35656c1b769ee0f3598d7a
news_articles,_doc,bav0eHEBQ7bCTl73mI0i,3.033697,e578833d7c8f50a0b490a5894bd48d25014512e1
news_articles,_doc,XKrzeHEBQ7bCTl73lrDe,3.0334642,2bab5a1991bef9b6de7b21365b917b244518062b
news_articles,_doc,_anyeHEBQ7bCTl73mozw,3.0312624,6b3f98f7dbf65ffb9e74fa4e7ab67b920eba1e0a
news_articles,_doc,R6fweHEBQ7bCTl732WDt,3.0289114,8165df5bdd49880b3f762433998290512d1b92cc
news_articles,_doc,qKv0eHEBQ7bCTl73Cwyf,3.0283027,3f1dbfbe5791c3d26eb95a2bf7089a4386a56e28
news_articles,_doc,a6jxeHEBQ7bCTl73Yg91,3.0266013,00cc35ac1f9abb49881851df5bee84547ce0565d
news_articles,_doc,6ajxeHEBQ7bCTl73k1rE,3.02466,4757f2a4fd0b798cb1fcf54e54346558ee970871
news_articles,_doc,r6rzeHEBQ7bCTl73BwKg,3.0242286,b1ea4ad51ece30489a5d27262f084559d5cd1167
news_articles,_doc,HKnyeHEBQ7bCTl73mn7u,3.0222368,627e957e40fbb6515826bb38c9f818f98d1996db
news_articles,_doc,9afxeHEBQ7bCTl73CJCM,3.0208757,38e62f3d2a8507a41d91320d5d3960e8fd123481
news_articles,_doc,7anyeHEBQ7bCTl731s8p,3.0207834,4aa6360a2464e8af3913893d70b551af7a91acec
news_articles,_doc,yqjxeHEBQ7bCTl73xZs1,3.0202901,814acf8e84150575ca2d21a9e75602e00e940a6a
news_articles,_doc,FajxeHEBQ7bCTl73YjJ8,3.0193388,b75f77422ec03833fa1e4ad84e1c6da5d75d561b
news_articles,_doc,a6fxeHEBQ7bCTl73CJOM,3.0165958,a4cca047675ab8f30e1771b819e5f2b9589650ac
news_articles,_doc,cajxeHEBQ7bCTl73YjR9,3.014738,743104289cf2a260dadc1a69f89e2e7677de16b9
news_articles,_doc,6anyeHEBQ7bCTl731sEn,3.0132031,4a4c49be97802f81051a53fe27ecbbe21a54c6e1
news_articles,_doc,86rzeHEBQ7bCTl73zeZm,3.011457,a2349ece7ccf1243469c42c1b30ef8e2ae30ca74
news_articles,_doc,oKv0eHEBQ7bCTl73Cwqf,3.011457,cdcb91a7e0d4beb222a7bc665f626aa57f082f68
news_articles,_doc,-6jxeHEBQ7bCTl73k3HG,3.011136,39007c7229eec6d12b10e8166f506f7f6c7d951d
news_articles,_doc,AanyeHEBQ7bCTl731qIl,3.011136,988ad11b87676400c5fb830091aca57999f4bc7c
news_articles,_doc,8av0eHEBQ7bCTl73Cw6f,3.0088413,271bff7d3aa59b17f9ebc9304f4c6bb4286debe3
news_articles,_doc,L6nyeHEBQ7bCTl73LyFu,3.0068905,134c21cc22952e95fab3f4ed35852b0c58b5e056
news_articles,_doc,6qv0eHEBQ7bCTl73mJgi,3.0028958,5777622506112c83fef775722042fb25bbdd0d3b
news_articles,_doc,J6v0eHEBQ7bCTl73VDYt,2.999249,54b97aac937dce224c048c9cfd9c09d942f83eb8
news_articles,_doc,IKv0eHEBQ7bCTl730Mhf,2.999249,f00a49949d571273603e09345e9a200aeef73d8f
news_articles,_doc,IKjxeHEBQ7bCTl73xY8z,2.9973216,76099bb4d6e29582ade2cd949dc8b69c98fb3eac
news_articles,_doc,MKfxeHEBQ7bCTl73CMOX,2.9934514,c24e57f5acc384250ec8cd62bf14416b58b24999
news_articles,_doc,EajxeHEBQ7bCTl73xak2,2.9929757,8133dd4217fe780a23ffa049e728ede099f9ff4f
news_articles,_doc,IqjxeHEBQ7bCTl73-roR,2.9929757,2b0f43484b9f50c1ccd2f2018d37fce00f0fae53
news_articles,_doc,06jxeHEBQ7bCTl73-r8S,2.9929757,e527ddf34fb35c7ed9a2d4c630210ed7149be3c3
news_articles,_doc,HKnyeHEBQ7bCTl73ZS72,2.9922628,4c47f79c0fc0be4f2158472f29e431c7ab0bbd0f
news_articles,_doc,Eqv0eHEBQ7bCTl73Cyyh,2.9922628,9fc3b0749cc85fa75576c18114aea56d72452312
news_articles,_doc,Lav0eHEBQ7bCTl73mI8i,2.9922628,c95d49e5a7fee2930bff1d889db4bfbc9db979d7
news_articles,_doc,SanyeHEBQ7bCTl73ZVb5,2.991867,5f7ecf8663efffff5dc5400ab3f5f36abf5a827f
news_articles,_doc,nKjxeHEBQ7bCTl73xXsw,2.9917538,8827c831d8e7799c2677b102921f36ed300e7114
news_articles,_doc,86nyeHEBQ7bCTl73ml_s,2.9917538,3a3bfd0850776b30e00387955acf0b6c84ef7aec
news_articles,_doc,FKjxeHEBQ7bCTl73YjJ8,2.991392,09ec108b78f83bda8107d03dfee6a65b11696d8a
news_articles,_doc,JqjxeHEBQ7bCTl73-rsS,2.9865048,aec4399975eb994077a1592381f84dfe6bdc9852
news_articles,_doc,iKjxeHEBQ7bCTl73k1vE,2.9852884,bae88fc5aa50f185b3e8c2631da889368fffa732
news_articles,_doc,X6jxeHEBQ7bCTl73xX4x,2.9852884,88ff91989fe50c212530125cc8a7dc692ac7f3e5
news_articles,_doc,rKnyeHEBQ7bCTl73movw,2.9852884,b8bb93126ccb855fe162403518b5d10a52b7dd05
news_articles,_doc,Q6rzeHEBQ7bCTl73lqPd,2.9844,102038b19a24bcdd36c2d344990d2808280c68cc
news_articles,_doc,MKv0eHEBQ7bCTl730MVf,2.9844,96277a2c36cf31abc9ed86312a6cfa1c5b17496f
news_articles,_doc,WajxeHEBQ7bCTl73xZM0,2.9831896,f90912aa67b73830c7e82b96d695ad361f7c9640
news_articles,_doc,DKjxeHEBQ7bCTl73-rYR,2.9814427,8e1e2ccd21785df34b8ea8f8e22fa5943753f81c
news_articles,_doc,PKjxeHEBQ7bCTl73-tUV,2.9814427,e56f46b2523617f719085ef07758e2b3033e4aa7
news_articles,_doc,AqjxeHEBQ7bCTl73k0vC,2.980243,49d44698f2743eb950e2a3b9a2598672c66a714c
news_articles,_doc,yqv0eHEBQ7bCTl73VDYt,2.980243,35c0935828b1a5587cb4c0f12471ee566187a008
news_articles,_doc,pqjxeHEBQ7bCTl73k2_G,2.9787018,6fc2a2fd18ea5bb52b6b7a863abddd76e84f8486
news_articles,_doc,TKjxeHEBQ7bCTl73k3LG,2.9787018,9d006b850899031b912eaf238657546a455fa8da
news_articles,_doc,YqjxeHEBQ7bCTl73xXQv,2.9787018,5f38c86d00c42acb1e1fd85e33777f84946ccafc
news_articles,_doc,8qv0eHEBQ7bCTl73Cwif,2.9787018,4d2ec43c03444cd9886d2c11a202220796405e4f
news_articles,_doc,2qjxeHEBQ7bCTl73k2_G,2.9766498,a97aba5bb315beb09c233224bb46bc054995b9d1
news_articles,_doc,GqfweHEBQ7bCTl732VLq,2.975866,8544eb600b31fc50ecb38cdeb6a43a086ff94b2a
news_articles,_doc,qqnyeHEBQ7bCTl73ZTP3,2.975866,bce5a469b4b3fb6b05b3624cbdce871e53a8864f
news_articles,_doc,gKrzeHEBQ7bCTl73zfNn,2.975866,b52073ffd4a9dbbb3532d58d76e03f2237622b26
news_articles,_doc,eqnyeHEBQ7bCTl73mnLu,2.9754434,68efccd9a14f17f3eabb0fbbef894cc8c0a14284
news_articles,_doc,oqnyeHEBQ7bCTl73mnfu,2.9754434,e27d8cc311081f365c52068c54d6bd7b0ac58d56
news_articles,_doc,AKjxeHEBQ7bCTl73xaI2,2.9747,da2f2f125e89cd3a651d1fd38147cd5ab4944182
news_articles,_doc,Bav0eHEBQ7bCTl73Cyah,2.9747,99d69efee69c32682a9b116ef870e5a02d8ee5e8
news_articles,_doc,A6fweHEBQ7bCTl732WXt,2.9706569,42bb27be4dea0ce573bc83b2be558400f817bcab
news_articles,_doc,o6jxeHEBQ7bCTl73xZ41,2.9703102,cd9969ad070e90926f7ba98f20459c756c6730f4
news_articles,_doc,q6jxeHEBQ7bCTl73YgNy,2.9696975,ceb1a9ef5964c05322cf9be3b8733e88b153d8b4
news_articles,_doc,rKjxeHEBQ7bCTl73YhV2,2.9696975,d8012bd092f555cc3e925fa6f6b79ca6e41a5feb
news_articles,_doc,kKjxeHEBQ7bCTl73Yi98,2.9696975,9503edbde37659bfec7c5a1fd98649bafc9c0ba3
news_articles,_doc,mKnyeHEBQ7bCTl73ZS32,2.9696975,2f38f4f3f2f6fe13ebad922a9d90878075b5c8c8
news_articles,_doc,4KjxeHEBQ7bCTl73k3DG,2.9683194,2a31033369df4c94fe1e6059c55eabee018fb64a
news_articles,_doc,dKjxeHEBQ7bCTl73k3LG,2.9683194,c93b9dc7ae91d475681d3f0dc3545ed255789321
news_articles,_doc,-KjyeHEBQ7bCTl73L_Fq,2.9683194,3365bf6354811b3da9437aea0ff13819a850a1d9
news_articles,_doc,_6rzeHEBQ7bCTl73alnK,2.9683194,f1ed085df1a9a1d2f6f3e974fc2c2673bfa0f7ca
news_articles,_doc,hKv0eHEBQ7bCTl73CzGi,2.9683194,b169ac88d7a097e6f7b346ae03134214fa98c7d0
news_articles,_doc,YKjxeHEBQ7bCTl73k2TF,2.9663937,583a7099bf3d75de595f815edfe6c93cc5a7537a
news_articles,_doc,h6jxeHEBQ7bCTl73k3LG,2.9658432,0c08db610696c79a79a24c3c4dedb2dd818e2ab5
news_articles,_doc,kanyeHEBQ7bCTl73ZTf3,2.9646785,72dba9786eab89476723ccf2acf737889e5bc445
news_articles,_doc,cKnyeHEBQ7bCTl731rAm,2.9642758,b7937cbfc78259169485d50110db7ee65c067569
news_articles,_doc,0qjyeHEBQ7bCTl73L_Jq,2.963558,004915420921d065a106e90e5def2238bc8ba2d5
news_articles,_doc,DqrzeHEBQ7bCTl73lpPc,2.963558,fb03fcf16bc265655d908a815cad729059328550
news_articles,_doc,dqnyeHEBQ7bCTl731ron,2.9628775,1fb9ebc4ab7039f3eeb440262e78c38659cbb0ed
news_articles,_doc,Y6jxeHEBQ7bCTl73k2fF,2.9608107,eeab3d98af455faea409a38d459e2e5661595a3b
news_articles,_doc,tqjxeHEBQ7bCTl73k0DB,2.9602938,5e37b08f6e9a6138123c665d45fde0a53c020975
news_articles,_doc,fKrzeHEBQ7bCTl73zcRj,2.9602938,313998c627d12a465086178c7a390d37cc731b23
news_articles,_doc,4KjxeHEBQ7bCTl73k1rE,2.9600356,20ead04430ce10638eaa0de5d53c68731c89d6b2
news_articles,_doc,16jyeHEBQ7bCTl73L_hr,2.9600356,bf859d7e9ebec4a10ed75209d25ef927f05c6e81
news_articles,_doc,m6nyeHEBQ7bCTl73ZTP3,2.9600356,02cc89c2ed452bff92ea32a181f24ac7a271802d
news_articles,_doc,Wav0eHEBQ7bCTl73mIMh,2.9600356,f521e6481f660c93e34bcfc615724573db6c5006
news_articles,_doc,xKv0eHEBQ7bCTl73mIoh,2.9600356,6d51767a602247924611290c715ae8a527c2015b
news_articles,_doc,Iqv0eHEBQ7bCTl73mJci,2.9600356,db38f2caee759bb81f21e3373781b7a8f8580317
news_articles,_doc,j6nyeHEBQ7bCTl73mn_v,2.9598806,b4e8913cbb1662dd311b9bd0ea9097829133669d
news_articles,_doc,-qfxeHEBQ7bCTl73NflK,2.957651,1e4e186dc850f47bdfe247c77e6d5760a7970d9a
news_articles,_doc,i6nyeHEBQ7bCTl73moXv,2.957651,fb2e50875fd70c03e73363785a7f33ad68e10035
news_articles,_doc,5KnyeHEBQ7bCTl73mojv,2.957651,205e3ebfb4a89b9191116eeb41b818ce482bd03d
news_articles,_doc,ganyeHEBQ7bCTl73mo3w,2.957651,6db917d5c4d2461eb5b0706e2acd8e786a2a45cb
news_articles,_doc,L6jxeHEBQ7bCTl73xZU1,2.9539046,3c7b33de0d13e5551488803b89a013f9b30bc88f
news_articles,_doc,M6nyeHEBQ7bCTl73LwFr,2.9539046,3f92c8139a8224402a62af496ca8492c9b8fc488
news_articles,_doc,YqjxeHEBQ7bCTl73-rAQ,2.9524171,dfa14e7147b50adbcc546b0c7be48522cf90c86f
news_articles,_doc,ZarzeHEBQ7bCTl73zcBj,2.9524171,f4f3977f2bc8d394e1f5e6d10884b729b9e8450f
news_articles,_doc,VKjxeHEBQ7bCTl73xXMv,2.9517672,6382255fae905857709776bf7ea1952940a65fc0
news_articles,_doc,Y6nzeHEBQ7bCTl73B_-g,2.9517672,ac25394c62d07a2405875c2f174b8acc64e7379c
news_articles,_doc,cqfweHEBQ7bCTl732Wru,2.951615,c1952d6dc34a610c01de50e3cc2558475c67729d
news_articles,_doc,7KfxeHEBQ7bCTl73CKyU,2.951615,8bfda5be697d5e432fa8c7bce3bf7695e28fcf5c
news_articles,_doc,YajxeHEBQ7bCTl73YjF8,2.951615,d768c097e3d37e9a956c3b927f97d21adf006d2c
news_articles,_doc,AajxeHEBQ7bCTl73xYIx,2.950581,329a942a274a6cb9179a0d313ce65f17f77bef90
news_articles,_doc,WanyeHEBQ7bCTl73LwJr,2.950581,829b23015c8a55afaea1c877a6521ed99419ce97
news_articles,_doc,YqnzeHEBQ7bCTl73B9Wd,2.9486976,f6fdd3999e25241241704cee41f5d729476162a2
news_articles,_doc,farzeHEBQ7bCTl73OCcH,2.9486976,a71b65016218519dfed77538ed4b4e2f3353ba15
news_articles,_doc,gajxeHEBQ7bCTl73xYYy,2.9486265,df8b9b5fc1fb12985e0ef7971a5d81c0ac651287
news_articles,_doc,NqnzeHEBQ7bCTl73B9id,2.9486265,ca145111363e63f4b23a6ba83278d3ac7de471fb
news_articles,_doc,k6jxeHEBQ7bCTl73YiN6,2.9459069,d54fd2dcfd1c1a0ca2921d1a2516faf1c8ece940
news_articles,_doc,8qjxeHEBQ7bCTl73k2fF,2.9459069,c5bc9e66437bc83f42f9e3021cb3efe29469d767
news_articles,_doc,lKrzeHEBQ7bCTl73OBcG,2.9459069,aa9accd0a689cc878fce16e22c61b05e8247f063
news_articles,_doc,carzeHEBQ7bCTl73OCoI,2.9459069,1d4001df8ff15e649413e25a298fab726ba1a527
news_articles,_doc,BKrzeHEBQ7bCTl73ODQI,2.9459069,a8ff6b2000b05d746d56eed547666d936d689117
news_articles,_doc,SarzeHEBQ7bCTl73OEYK,2.9459069,cb7019cecf2bda6c077ad223277bc838133e54cc
news_articles,_doc,9ajxeHEBQ7bCTl73xXYw,2.9454465,de51229f7feb67b7d760faaadc601b540e9524d5
news_articles,_doc,bKnyeHEBQ7bCTl731qQl,2.9451394,10c6656a5ba022cc167ff14f72787a13c1537a59
news_articles,_doc,wqfxeHEBQ7bCTl73NdZF,2.944756,9a7f8a997c9fca3752b15f57bc4ac9a4d760dab7
news_articles,_doc,RqjxeHEBQ7bCTl73YjV9,2.944756,6774340ccdcda1cf956fcd967ceee0ecb82763b4
news_articles,_doc,06jxeHEBQ7bCTl73k0zD,2.944756,60bcc502bcc50098b5244aa98f9290c0c5403d45
news_articles,_doc,LKjxeHEBQ7bCTl73xZM0,2.944756,3e955263603b0bd021d6d7e710d8825d25c45d87
news_articles,_doc,wav0eHEBQ7bCTl73VGMw,2.944756,416d5941e14b5a21646cfe2efb14b327e8dff9d9
news_articles,_doc,c6v0eHEBQ7bCTl73mHMg,2.944756,4c01a47e965941e0b60e1a7af96bf6f55a0b667f
news_articles,_doc,PqfxeHEBQ7bCTl73NelI,2.9447255,83697734f80f0c939b96b0a2283d08e664c39ad6
news_articles,_doc,O6jxeHEBQ7bCTl73YiJ6,2.9447255,afd864622cb94f6a8c1e11cb708a6d6afdae00b5
news_articles,_doc,GajxeHEBQ7bCTl73YgNx,2.9443724,4cf2d7279d7430132790e9b747417fc9dc616976
news_articles,_doc,6qv0eHEBQ7bCTl73CwCf,2.9443724,cc1d0e774aa23d42f8f8fbbc61764de0863135ac
news_articles,_doc,S6jxeHEBQ7bCTl73k2TF,2.9427788,517507b018252a4763e6fe82957aeb3357dae730
news_articles,_doc,v6nyeHEBQ7bCTl731qAl,2.9427788,63f3432881ab95093b7c7797ba3b33b72a9a02b4
news_articles,_doc,gqv0eHEBQ7bCTl739uiF,2.9427788,a1360186cfd634669bce8ccff85343315b346e61
news_articles,_doc,dqnyeHEBQ7bCTl73mnvu,2.9408345,ec3bfd90ca8ddf29955b0d1c89b2b68596dda138
news_articles,_doc,vqjxeHEBQ7bCTl73Yjd-,2.9407225,1eb274dec22130cd57e0820f0fb1e9f21ba20c09
news_articles,_doc,_KjyeHEBQ7bCTl73L_pr,2.9407225,923afd9946f5e6f0c1cc19115952c6d1e400d7ef
news_articles,_doc,WarzeHEBQ7bCTl73OA8G,2.9407225,89c92e1ec632e4bd33a6dd8b8115db5d9eb1ddcd
news_articles,_doc,6qjxeHEBQ7bCTl73xZI0,2.9394429,68df060e64a183959e11d4de4d6c911d312f8df7
news_articles,_doc,cqrzeHEBQ7bCTl73BwSg,2.9394429,90867d9a122613f5477ee972bf06c5f607fc1a10
news_articles,_doc,carzeHEBQ7bCTl73OCEH,2.9394429,1f406a0c516f26f516bd65d6bda4ac9aa1e31636
news_articles,_doc,96rzeHEBQ7bCTl73lqXd,2.9394429,6fd0e9ea7507e72366dc36a1f9de04db4d644729
news_articles,_doc,IqrzeHEBQ7bCTl73lqfd,2.9394429,2b2a80848a4cc6b54ac0e51cc1a86ce69300d78e
news_articles,_doc,HajxeHEBQ7bCTl73kz7B,2.9382558,4907b75f91a44495bf44ece800b85bd509884bae
news_articles,_doc,GqjxeHEBQ7bCTl73xX4x,2.9382558,fccd414a0598d007beac7d252bf02a2d297b4755
news_articles,_doc,nanyeHEBQ7bCTl73Lwts,2.9382558,3ac086e3b11410995fcc7cfda075d44d577da8bf
news_articles,_doc,uanyeHEBQ7bCTl731p0l,2.9382558,c7cb8d57a3835d92b6276bf9293808403c328d00
news_articles,_doc,AqrzeHEBQ7bCTl73zeJl,2.9382558,192da2d50928e69d3a42e9603f64ed2a15265a64
news_articles,_doc,PqfxeHEBQ7bCTl73CLKV,2.9376013,f517b51f4ca8c9c61afc2b1421d1c1dff8ba8403
news_articles,_doc,I6fweHEBQ7bCTl732X_y,2.936954,4806cf9bd73d7331748b12b1dfa2b35d41119e32
news_articles,_doc,oqfxeHEBQ7bCTl73CK6V,2.936954,6528cc666594c65c70efa98ffe362ae1812462a0
news_articles,_doc,zKjxeHEBQ7bCTl73k2PF,2.936954,763cfc53d30024b2f4a2bc4accb466b3773c745d
news_articles,_doc,DqjxeHEBQ7bCTl73xX4x,2.9352064,7a1c00b64b5d48349093b03975418ad90a81793d
news_articles,_doc,DqnyeHEBQ7bCTl73ZS72,2.9352064,e19f1224f4476c72ae5fbe2491b42409bbd7dc7f
news_articles,_doc,sqv0eHEBQ7bCTl730Lxe,2.9352064,bd2ac5e96ccb3b78685068c7bdadd0fe084f5ef2
news_articles,_doc,cKnyeHEBQ7bCTl731pwl,2.9349015,3802386f8c818cedf0b2ffa53ee2f8cde1100d2f
news_articles,_doc,l6rzeHEBQ7bCTl73lpTc,2.9349015,58a9a48e18aecc06d8b4f753cdfc27b1ac1d191f
news_articles,_doc,zajxeHEBQ7bCTl73k1fE,2.9346578,ab3fc06a30c4b5a4889ffcbc6aa00f7295bbed05
news_articles,_doc,JKjxeHEBQ7bCTl73xZU1,2.9342558,7d0477064856359a13ba52d9eea32205f5e02be5
news_articles,_doc,BKnyeHEBQ7bCTl73ZUD4,2.9342558,b7377f9640a47b56437358de05a4c09a0b46c983
news_articles,_doc,CqnyeHEBQ7bCTl73ZUj4,2.9342558,72849c426d6f1ad9fb843cea8721304b2e1a2e4c
news_articles,_doc,E6rzeHEBQ7bCTl73OBQG,2.9330838,1ef82b049d3e43c554946460b593bee7d3c7c5fa
news_articles,_doc,M6rzeHEBQ7bCTl73OBwH,2.9330838,e66457e5e5af7e186c9f04c59217957b15ebd433
news_articles,_doc,c6rzeHEBQ7bCTl73ak7K,2.9325433,f57698e57561b27dd8963534422950900bff7e61
news_articles,_doc,cav0eHEBQ7bCTl73VGYw,2.9325433,f701202a285994077555efc502b5331d3b31dc23
news_articles,_doc,OKr0eHEBQ7bCTl73C_-e,2.931749,9f5b38df9bf1f87d057bd7da79818dae0e78c913
news_articles,_doc,hqv0eHEBQ7bCTl73mJ0j,2.931749,387daf102b0ed9b49064fd2fdeb6c2e1c8ae8c3e
news_articles,_doc,t6jxeHEBQ7bCTl73k1XE,2.9311523,32da2dac28924c38026caf316203387ef18ddc9a
news_articles,_doc,S6rzeHEBQ7bCTl73ODMI,2.9311523,449bafbc0ff8e7cab278a42c5f345ddb656fc43f
news_articles,_doc,JKjxeHEBQ7bCTl73YjN9,2.9304657,0dfc154b2677acf69e4036ce5e164d4e5e1c2110
news_articles,_doc,2av0eHEBQ7bCTl73VGox,2.9304657,b18885ad90ec001226124bbcf3d7c20d6c1da81b
news_articles,_doc,e6v0eHEBQ7bCTl730Lte,2.9304657,d29b46a2216ce19fb9f7afa2bda1fb1254f23242
news_articles,_doc,aKjxeHEBQ7bCTl73xX0x,2.9296331,617917120b80a12ae1bd1faf359b49cf49de8a79
news_articles,_doc,AKjxeHEBQ7bCTl73k1DD,2.9286213,987e204958b3dfff98a82386b8ec3a72451fef44
news_articles,_doc,Wqv0eHEBQ7bCTl730Mdf,2.9272974,9efeca672d6ca13c6c15cda630173f8dd3b70e2e
news_articles,_doc,B6jxeHEBQ7bCTl73YjF8,2.9254913,f75d4341efaec9d12593fa217ae45112ef813d11
news_articles,_doc,lav0eHEBQ7bCTl730LFd,2.9254913,92f525887ea67c36995185e74b0b125708ebdcef
news_articles,_doc,hKjxeHEBQ7bCTl73-rcR,2.9250166,ed2b5370fa19563981f6353932b8054537be4527
news_articles,_doc,3anyeHEBQ7bCTl73ZVf5,2.9234524,3f01e441c98b797cf16c8477a72afcf89f8535b1
news_articles,_doc,najxeHEBQ7bCTl73Yjh-,2.9229355,64506183ea13194ed56eac134aa3f550cc4c84e3
news_articles,_doc,ManzeHEBQ7bCTl73B_Wf,2.9226966,87002bc822c0a7ace9cbbef4215b3c2f79b9afc0
news_articles,_doc,e6nzeHEBQ7bCTl73B_Wf,2.9226966,9979dd6c5d507f05b2bc186d3bcb1ccab75f3cdf
news_articles,_doc,t6fweHEBQ7bCTl732Vjr,2.9215636,3ead9ec6e2a3b22ebab88c79d6f96687ebf94269
news_articles,_doc,iajxeHEBQ7bCTl73YjN9,2.9215636,51bcf81598791ca70af0a09a897151d359fe4d91
news_articles,_doc,dqnzeHEBQ7bCTl73B-yf,2.9215636,c560ac7da0e70c2eeb2aafcbbdeccf89e661a6fa
news_articles,_doc,xqrzeHEBQ7bCTl73Bwyh,2.9215636,05bd0d867e375fbce69f9cc2eaaf88c458ee8b24
news_articles,_doc,EarzeHEBQ7bCTl73OBwH,2.9215636,a5bc6d32b4929c832281a04bc389742592c90f9a
news_articles,_doc,O6r0eHEBQ7bCTl73C_ue,2.9215636,150b831a81f94f3217c6316cb43abd46d9191ea8
news_articles,_doc,dKv0eHEBQ7bCTl73Cwmf,2.9215636,ed8ef8cf62058af3157ece9891e29de53928fee3
news_articles,_doc,Zav0eHEBQ7bCTl73VDct,2.9215636,f3257905c99a4d286f5fc2072deda4a558ec573b
news_articles,_doc,aajxeHEBQ7bCTl73YjB8,2.9188836,0a7994d6ae56a1a6143029449032b1641587da8f
news_articles,_doc,NKjxeHEBQ7bCTl73-uYW,2.9188836,e8538cc6e14dfaee719d209e0817c8ebb7ef5dc3
news_articles,_doc,A6nyeHEBQ7bCTl73ZTL3,2.9188836,354e860162f3a9024070c3ab9cfa8c2e73b655b4
news_articles,_doc,l6nyeHEBQ7bCTl731ron,2.9188836,0ac59a44778ad2dfaab0d31b314f676ece538d6b
news_articles,_doc,danyeHEBQ7bCTl731rwn,2.9188836,42d763eec908160d5f19f6366dc01efabb4c3f29
news_articles,_doc,mqnyeHEBQ7bCTl731sIo,2.9188836,3ae5ae967f897c76787a2727968afc5325e02925
news_articles,_doc,26nyeHEBQ7bCTl731sso,2.9188836,c3a544ccfe53e8728835478a8d4ab554f02320b1
news_articles,_doc,kqr0eHEBQ7bCTl73C_6e,2.9188836,c98c72d6b37c172e74138a222d3af10eb8c9735b
news_articles,_doc,a6fxeHEBQ7bCTl73NfRJ,2.9176464,f9b4ca466dcaffefc639ca55f411b5c4fa7e1262
news_articles,_doc,d6jxeHEBQ7bCTl73Yglz,2.9167433,04c017a0aae2d1466e31e586c745097adc05c8b6
news_articles,_doc,DKjxeHEBQ7bCTl73xYMx,2.9157927,47405bfb2aaf321c4294b5cb7a6ff184c932c72e
news_articles,_doc,9KnyeHEBQ7bCTl73mpXw,2.9157927,46eed0b491ad8c942058f1cc7b064fdf68571477
news_articles,_doc,B6rzeHEBQ7bCTl73lrHe,2.9157927,1359e2492142c339e1fb01399cd6b6c111030d7b
news_articles,_doc,GKv0eHEBQ7bCTl73mJYi,2.9157927,a0bcefcc9374e42988c58ab8c84fb6c597a2e6f2
news_articles,_doc,UKfweHEBQ7bCTl732VDq,2.9149942,a916c1789e521941469565949edc0d8a3e7819dd
news_articles,_doc,DKfweHEBQ7bCTl732VPq,2.9149942,0f9e370fd85cc39eabcd1ab7a19bbd3a32910cf8
news_articles,_doc,YqfweHEBQ7bCTl732YLz,2.9149942,3adc2d101e66fd2fe0a14d21224e093854fee49c
news_articles,_doc,66jxeHEBQ7bCTl73YjN9,2.9149942,0f3f59c58602f3bfca609ff0ef9465e75bab537e
news_articles,_doc,AKjxeHEBQ7bCTl73k2_G,2.9149942,840c321828c2ec6254d46da846dbe97a239d5d7b
news_articles,_doc,R6nyeHEBQ7bCTl73mmXt,2.9149942,8e044b7ec15adcee5bcba9881cc861a900011a10
news_articles,_doc,3Kv0eHEBQ7bCTl73CxGg,2.9149942,50bfbd971f05e834dd22d4ae11273809e4f2d3c3
news_articles,_doc,N6v0eHEBQ7bCTl73mKcj,2.9149942,1cc1f7daaad6d4d8757c386affac2606e5907877
news_articles,_doc,kqjxeHEBQ7bCTl73Yhd3,2.9142895,3b4c9dc038da8099fbb0e5403135a9bdb6641ef3
news_articles,_doc,G6fweHEBQ7bCTl732Xbw,2.9135385,c11426808d4e0a76a6fc07c85608311f4613a7f0
news_articles,_doc,QqfxeHEBQ7bCTl73Nc9E,2.9135385,6c64d125fc37474dcf18bd1a697678bd430254b0
news_articles,_doc,B6jxeHEBQ7bCTl73k2DF,2.9135385,567dd85e1c3fda794ba265febf8024416e921820
news_articles,_doc,XKnyeHEBQ7bCTl73ZTP3,2.9135385,406baa2867bde544d2eeb6956c02cab1123f1d87
news_articles,_doc,q6nyeHEBQ7bCTl731soo,2.9135385,59805da811e5b062b3dc4c41605168e82b623220
news_articles,_doc,7KrzeHEBQ7bCTl73OBQG,2.9135385,d519b71b0a85b0e9021b3a9ca2e10b6bea2893a9
news_articles,_doc,2qv0eHEBQ7bCTl73VEku,2.9135385,0e02275411da040892f60e4603c21c594e717ad2
news_articles,_doc,1av0eHEBQ7bCTl73VGkx,2.9135385,9ba2b689ec4a93b51745cef919758caf14f5fd3f
news_articles,_doc,d6jxeHEBQ7bCTl73YjN9,2.913038,ae4cee4b99e00bf55db027ec43ca26b925feac79
news_articles,_doc,6qrzeHEBQ7bCTl73Bweg,2.9123077,bbe4227f684cfaece5d2c3bca0f25ae32c6dfb7a
news_articles,_doc,5arzeHEBQ7bCTl73Bwyh,2.9123077,838ee11749f91bd518615032e3d9c9b8aff9c6ba
news_articles,_doc,varzeHEBQ7bCTl73lrje,2.9123077,99a0070dd3fb0012031d4c0e5ee8d9a44a569f8f
news_articles,_doc,EKfxeHEBQ7bCTl73Nd5G,2.9112535,8b36cdedd674688e5725a8d42e6e206fb1f4b12b
news_articles,_doc,eafxeHEBQ7bCTl73CLOV,2.9103405,888bce77d337b9a039052d97de59aa2c650a8ba5
news_articles,_doc,3qfxeHEBQ7bCTl73NfVJ,2.9103405,fd7b176383086463c3e7750ea36b237e47c9e999
news_articles,_doc,3av0eHEBQ7bCTl73VEMu,2.9103405,c89403822aea01179d973552978e69c269154740
news_articles,_doc,zajxeHEBQ7bCTl73k0DB,2.9095423,2e722e3d8c5cbef14c0750becfa10ac9719f2f44
news_articles,_doc,kqnyeHEBQ7bCTl73mnfu,2.9095423,85eaf0febd3065f701ff9fe191811236a3cb042c
news_articles,_doc,oanyeHEBQ7bCTl731rEm,2.9095423,64ee294b238ee09b9240fd0290219258e478e070
news_articles,_doc,26v0eHEBQ7bCTl73VFww,2.9095423,24a252701ca61766735798387e8dd5c8af3162c6
news_articles,_doc,jqv0eHEBQ7bCTl73VGox,2.9095423,273d501cfb586608fa62a09729a5c25aebc50444
news_articles,_doc,nqfxeHEBQ7bCTl73NdBE,2.9088383,a40f6089abfea222ad687b71df31b05bf95a942f
news_articles,_doc,qKfxeHEBQ7bCTl73NfZK,2.9082127,7afb4c7f4a143a7dc7e9c3905ecbb6c762c5dd18
news_articles,_doc,7qfxeHEBQ7bCTl73NcRD,2.908173,70e2538dfe42917d0080242573cdc102641b4533
news_articles,_doc,r6v0eHEBQ7bCTl73mHwg,2.907653,d94792273d9e5e0da3f792d2bc07aab259135332
news_articles,_doc,HajxeHEBQ7bCTl73k3PG,2.9066947,54976525d81654edca0569b683946c342ddaf666
news_articles,_doc,66fweHEBQ7bCTl732Wju,2.9005933,f2b993fb216d8b677d7e36026b35255da4c0917e
news_articles,_doc,JajxeHEBQ7bCTl73k3DG,2.9005933,dc152e4cd5d78219950c68d8a7d6069af6354f90
news_articles,_doc,B6nyeHEBQ7bCTl73ZTz3,2.8998492,3a52bc72166ea2f7abe6c84bf6abed618a8a3ada
news_articles,_doc,tqrzeHEBQ7bCTl73lo_c,2.8998492,014048272ff9fee9c84a80d283966073d2e6796d
news_articles,_doc,IqfxeHEBQ7bCTl73NeNH,2.899403,5bcdbf52e30640619ae51316540cfdde89df4ff0
news_articles,_doc,K6jxeHEBQ7bCTl73k1TD,2.899403,5c94d7364a9823825c6ae9ef7a947d57cc97cbf3
news_articles,_doc,nKv0eHEBQ7bCTl73Cyuh,2.899403,cc9c94b355528cdc9244c0a8a68b4dbc6a455345
news_articles,_doc,2av0eHEBQ7bCTl730M5f,2.899403,6d972a257bb5809a22277034762ddabfba96db1a
news_articles,_doc,VafweHEBQ7bCTl732Yj0,2.8991055,5db4d9b54455f38a266b19d6db4cc3ff6d5eb7cf
news_articles,_doc,n6fxeHEBQ7bCTl73Ne1I,2.8991055,7b948e9de0fa6517d76fcd642f6c70d4ff54ece8
news_articles,_doc,g6jxeHEBQ7bCTl73xZw1,2.8991055,4d5ca4675e2d6d5ffcf288d25b11f94d4b57761a
news_articles,_doc,lqrzeHEBQ7bCTl73alnK,2.8991055,40dd1ceed3fb804a809b249b2a5be507d2c22ed1
news_articles,_doc,Mav0eHEBQ7bCTl73VDkt,2.8991055,a8c717707cdc1c96eff8b4a47dbbd8ab75825128
news_articles,_doc,aqv0eHEBQ7bCTl73VF4w,2.8991055,4123a8329b2df197d8b6ec2c4e56642e11e91bf9
news_articles,_doc,HafweHEBQ7bCTl732VPq,2.898893,acc1e929b6c546c2dd715572dcec6438afcf4971
news_articles,_doc,bqjxeHEBQ7bCTl73k1LD,2.898893,661be5eeeec67591b22764b8cad425100ebe437f
news_articles,_doc,yKjxeHEBQ7bCTl73k2PF,2.898893,287278c3db195aabe75148208b065a9e21f3cb6e
news_articles,_doc,aKjxeHEBQ7bCTl73xZc1,2.898893,882cb364bb40f86bb1899c82c4f018bfa85a23ff
news_articles,_doc,WajxeHEBQ7bCTl73-r0S,2.898893,8e4427f6ef4b3adc86d6897d6c44067be79ef2e4
news_articles,_doc,QKjxeHEBQ7bCTl73-s8U,2.898893,dd1bcad63f0212a2afd68963988f8b84d3e8106c
news_articles,_doc,xajxeHEBQ7bCTl73-tUV,2.898893,acc1e929b6c546c2dd715572dcec6438afcf4971
news_articles,_doc,I6nyeHEBQ7bCTl73LxRt,2.898893,b925fab27b9bdaa9d12e391e0c35a0d6c0aed9f5
news_articles,_doc,76nyeHEBQ7bCTl731qQl,2.898893,bdf2887450af53428ad7947fced7701b5559c0ca
news_articles,_doc,5KrzeHEBQ7bCTl73ODEI,2.898893,ec7e8d8f8979446dc7e1b31de9599a89e2ed9167
news_articles,_doc,_av0eHEBQ7bCTl73mIUh,2.898893,79c34ad460403f32537b606db65931d21ae52dc6
news_articles,_doc,86fxeHEBQ7bCTl73Nd5G,2.8987339,0ca3dd710b2596361fb15337911fc5de6ad19d02
news_articles,_doc,DKjxeHEBQ7bCTl73k0nC,2.8987339,b7021c03501ac307df68256ff2b7c73088acc811
news_articles,_doc,G6jxeHEBQ7bCTl73xYky,2.8987339,a81868af14bb2e6b6b6a34c066b93143b4a1df05
news_articles,_doc,2qnyeHEBQ7bCTl73ZTX3,2.8987339,4c6baf9cefe5bcce2c2c68ecd0e9b9192104c9cf
news_articles,_doc,SKnzeHEBQ7bCTl73B_Gf,2.8987339,c1028b8613cdbab8ddc95a60a4ae2a2c6ec38e85
news_articles,_doc,36fweHEBQ7bCTl732YHy,2.89861,6bcf1a2ad4731e8324d166974165848bafaca11a
news_articles,_doc,oqjxeHEBQ7bCTl73xYgy,2.89861,2997cc8d8be9710b3cd76a9e141075b8574a774a
news_articles,_doc,T6nyeHEBQ7bCTl73mpPw,2.89861,541f0507e9a7a763df8e1539d970100189a8e815
news_articles,_doc,UKnyeHEBQ7bCTl731q4m,2.89861,041f70918e8749bfc602ab9be6af4ce7daf26848
news_articles,_doc,HKrzeHEBQ7bCTl73Bw2h,2.89861,483ff46d2f591b09875579dc3e4ebaf109b1f9f7
news_articles,_doc,aqrzeHEBQ7bCTl73OBAG,2.89861,8588831c93a2f0003238716a08bbdd84c25fbe01
news_articles,_doc,f6rzeHEBQ7bCTl73lqXd,2.89861,5332948cb1c30a5447da7831ae87a65d89c5618e
news_articles,_doc,farzeHEBQ7bCTl73zb5j,2.89861,e757ee91637d98c438f6d0d2ba205f69a7f52b38
news_articles,_doc,G6v0eHEBQ7bCTl73Cy2h,2.89861,1d9ba59bf0b42f387da55eff185ee6c5e2e3d4fa
news_articles,_doc,w6v0eHEBQ7bCTl73VFcv,2.89861,4b7a714d79152f9af396d1330281c928c7c93726
news_articles,_doc,NKfweHEBQ7bCTl732U_q,2.898511,3430b9c23af6ba8d0890a2f62f4eeadaa2f68313
news_articles,_doc,zqjxeHEBQ7bCTl73k0_D,2.898511,5f3057692c4fe1d2dbc343f56b01f0cbaadd5cd0
news_articles,_doc,uafweHEBQ7bCTl732Wnu,2.8930528,f4624387b14c193055491cf615af97b056eae8f1
news_articles,_doc,-qfweHEBQ7bCTl732XDv,2.8930528,86c4b55598ebf462a19b22435a93a1ab5c6b8dc8
news_articles,_doc,iqnyeHEBQ7bCTl73ZUL4,2.8930528,3fc5165baba32f8c7c985e9483f9a0bf2e96370a
news_articles,_doc,HKnyeHEBQ7bCTl731tEp,2.8930528,99c64716cc51f5f9160e70e4b40b35b74da05e0b
news_articles,_doc,XKnyeHEBQ7bCTl731tEp,2.8930528,7146f3e9b7eb580d27bea2e091476023a6c3b6f4
news_articles,_doc,06nzeHEBQ7bCTl73B9qe,2.8930528,697b7f668ed062c977a2c37fd3969709a08af16c
news_articles,_doc,tKrzeHEBQ7bCTl73zcJj,2.8930528,8cdb9ba46bbd8da2b88125cf08b6d698d66c18fc
news_articles,_doc,1Kv0eHEBQ7bCTl730MNf,2.8885589,a2e3804a06b45782b7477b89b1546e0c11856581
news_articles,_doc,lKfweHEBQ7bCTl732Vnr,2.8880863,b32cac972e88623b5354ed00ec71a12b35e23018
news_articles,_doc,kafweHEBQ7bCTl732V7s,2.8880863,c958eac6c3b9947e34be7c4c26b3c6f908e08f9d
news_articles,_doc,r6fweHEBQ7bCTl732WTt,2.8880863,eeaf3deaaaeb496449fe70004984f76da8275693
news_articles,_doc,sKfweHEBQ7bCTl732XXw,2.8880863,14c7fc81f022db7bd53e7c43a98c8aa77846f31d
news_articles,_doc,F6nyeHEBQ7bCTl73ZVT5,2.8880863,e50ad38d797f3a5d4425b4af8272f0a309166592
news_articles,_doc,vqfweHEBQ7bCTl732VHq,2.8868992,8336dcc4e4965ff331dcc64028e91f53f4a9e3c7
news_articles,_doc,lKfxeHEBQ7bCTl73NclD,2.8861873,541829d654fd816a1640e0fbd8bd442f8473f07a
news_articles,_doc,MajxeHEBQ7bCTl73k0PC,2.8861873,389b9a21e32fceb16b941324b6fcb5c32d032ca5
news_articles,_doc,bKjxeHEBQ7bCTl73k2DF,2.8861873,78438febf07fbff133cfc267755b70e3dee1c0bb
news_articles,_doc,-qjxeHEBQ7bCTl73xX4x,2.8855512,b9ae8d51da5dfd82dcce2b5ea871f663d5dc5e4f
news_articles,_doc,OqjxeHEBQ7bCTl73xYIx,2.8855512,6ef09a2fd23b23509d845d75ea738d3af8efd86a
news_articles,_doc,CKjxeHEBQ7bCTl73-rIR,2.8855512,16a5bbc81607e40b511a5b260e40cc4703f94748
news_articles,_doc,gqnyeHEBQ7bCTl73ZUv4,2.8855512,969fdaf3f5ee79adf5b26dc042bc46a6aab482c8
news_articles,_doc,6KnyeHEBQ7bCTl731s4p,2.8855512,887e262dca84823f26747672064c42e59c228c00
news_articles,_doc,2KrzeHEBQ7bCTl73amHL,2.8855512,fb65b007dc140beb8e4d4a6a05b73fce6fb32c84
news_articles,_doc,vKfxeHEBQ7bCTl73NfhK,2.8853743,ad112c401986b40b4b62165ac1668f1f87fd81f7
news_articles,_doc,j6rzeHEBQ7bCTl73zfVn,2.8853743,09828b4f4dccfd4fc4cec80ba1e8f79238b43b95
news_articles,_doc,nKv0eHEBQ7bCTl730Lde,2.8853743,6207d5c8394eff4dc803e76fa2dbc6e131dfa035
news_articles,_doc,Gqv0eHEBQ7bCTl730NVg,2.8853743,8a751521c24f1707b325a2120c60da262aefc794
news_articles,_doc,Lav0eHEBQ7bCTl739uWF,2.8853743,c20f81c49a27f0deecf5759aaf46f160f18aeac8
news_articles,_doc,U6nyeHEBQ7bCTl731ron,2.8844366,9caa7a756914b57ed958169f76b3d9afb17b6c7f
news_articles,_doc,R6v0eHEBQ7bCTl73Cwef,2.8844366,707d6630000ae11b56cc1ef6ac88b7fcc4f7fa6e
news_articles,_doc,XKv0eHEBQ7bCTl73Cwif,2.8844366,b336aefc7a6f242e9962905409ee0db5bf859625
news_articles,_doc,z6v0eHEBQ7bCTl73VGox,2.8844366,7282a4cdc399ce7ec7003fad54cdfb2a13ea02c6
news_articles,_doc,T6v0eHEBQ7bCTl739uiF,2.8844366,42379207a692cc8b9d26562f75430d582db8ad59
news_articles,_doc,ZqjxeHEBQ7bCTl73YgFw,2.884079,e16a618b0f49d2ea2d9e6c69c73e3e9588646ff6
news_articles,_doc,Z6jxeHEBQ7bCTl73Yg10,2.884079,b9ea83bd2cb46dd301e65f1e0b2fc5ba267ba2ef
news_articles,_doc,ZKjxeHEBQ7bCTl73Yit7,2.884079,261eba0bd2ff0f2013991b6e4dbb88e5e8d5a537
news_articles,_doc,36jxeHEBQ7bCTl73kz7B,2.884079,02cf75eea2f1138b475f86296c47b526e34d5b36
news_articles,_doc,YKjxeHEBQ7bCTl73xas2,2.884079,15e06b059c767ff3b2b17e5bde032a478b629a98
news_articles,_doc,wKrzeHEBQ7bCTl73ak7K,2.884079,12fbf3bc7f4a4810f9a220d62ef04d2f5b55b7fc
news_articles,_doc,QafweHEBQ7bCTl732VLq,2.8833435,cdd75ad6fad8fcea53decff11cac7188b9702fba
news_articles,_doc,nafweHEBQ7bCTl732Vbr,2.8833435,c72a5bd09aa27a07f312470b2f2d4448886490ce
news_articles,_doc,TqfweHEBQ7bCTl732Vvs,2.8833435,9c4ae6e8c5827860e59c4de074d5618bcdc49f36
news_articles,_doc,CqnyeHEBQ7bCTl73ZSb2,2.8833435,8bb8017dc9bbde7bbd1039d299b8fb006a003993
news_articles,_doc,zqv0eHEBQ7bCTl739viG,2.8833435,f943a62aece33ac7c745c1dbaf04b08160fbb393
news_articles,_doc,9ajxeHEBQ7bCTl73YjR9,2.8820527,bcbd0d3c712e67e08908e35ee19feaa3b22019df
news_articles,_doc,sqrzeHEBQ7bCTl73ODYI,2.8815184,a56bad698afcdee483db88e538d7926fb948d1a4
news_articles,_doc,pajxeHEBQ7bCTl73k13E,2.8813863,44c72245dcfb9ef884e5a2d9322cf3df127f4a1f
news_articles,_doc,xqjxeHEBQ7bCTl73xXkw,2.8813863,8dbbcafc0d8e7ddc27ce82c570bb71839e282f18
news_articles,_doc,nanyeHEBQ7bCTl73ZS72,2.8813863,946b65debba0b56fbeb3ee544b34b2044b5540c9
news_articles,_doc,U6nzeHEBQ7bCTl73B-Ge,2.8813863,99cca75ae5b83a406ea3a0aee77a9282ff7489be
news_articles,_doc,IKfxeHEBQ7bCTl73CJ6O,2.880505,d93f31dc3c956472103621e07a9de38934bb22f7
news_articles,_doc,yajxeHEBQ7bCTl73k1rE,2.880505,80636b79a36b4a85aceeb2df46c54ba4ee446470
news_articles,_doc,wKjxeHEBQ7bCTl73k27G,2.880505,e3940787aee6ec31d1e3edfd3be14dd3995254f9
news_articles,_doc,ZKrzeHEBQ7bCTl73OCEH,2.880505,cf4bfa4cf210b38f6aa29051745cd81285692551
news_articles,_doc,LqrzeHEBQ7bCTl73zehm,2.880505,750266f2e5728cd3f6544a478f52d3258bc74488
news_articles,_doc,iqr0eHEBQ7bCTl73C_2e,2.880505,1d416f8bf6e4051961f14fc42428d044676c839e
news_articles,_doc,nav0eHEBQ7bCTl73Cwif,2.880505,0ec8d64c64558a872418d6ec962546e82aa77257
news_articles,_doc,Sqv0eHEBQ7bCTl730Lpe,2.880505,b3275fb506505e04403cf800a6ce28a8a2c49a6f
news_articles,_doc,-Kv0eHEBQ7bCTl739uyF,2.880505,aa5ab722244430420a69b5977c5887653bde2e79
news_articles,_doc,VafweHEBQ7bCTl732WDt,2.878616,eb1a682e017b75154c6a8eefc5a3cf3f477ce4dd
news_articles,_doc,sKnyeHEBQ7bCTl73ZT74,2.878616,8184f0cd56f36f9a76dd5ed69eb8088fe90923cf
news_articles,_doc,sKnzeHEBQ7bCTl73B--f,2.878616,58b31ebb97a662069dfc3897c40b2789b9738780
news_articles,_doc,NKv0eHEBQ7bCTl730Ktd,2.878616,f0f5461475bdf265a7cd03768b6ac913b8cab1fc
news_articles,_doc,6av0eHEBQ7bCTl730Lle,2.878616,a616ede649138bbf4569400f4a87742cc6cfaac2
news_articles,_doc,h6fweHEBQ7bCTl732V_t,2.8780887,41fdb554bb8f2049d93faa43fa5ef8537cc0b913
news_articles,_doc,H6jxeHEBQ7bCTl73k27G,2.8780887,4628c3a98c660882c7459e41858049368962f712
news_articles,_doc,j6jxeHEBQ7bCTl73xZk1,2.8780887,116590a18bf5e26f6ffca23b9c241906892c05e5
news_articles,_doc,L6jyeHEBQ7bCTl73L_Zr,2.8780887,ef3488b803f1c2283fffe3b47b4f677368b8bd28
news_articles,_doc,66jyeHEBQ7bCTl73L_hr,2.8780887,fa1a2b9c4f0f6c4a79301ad28e00db40de704deb
news_articles,_doc,5anyeHEBQ7bCTl73mnfu,2.8780887,56f749e08c1eb75c43d74501b4b1e1474e0d10c8
news_articles,_doc,GKnyeHEBQ7bCTl73mnju,2.8780887,477ff5483d1b8d2211917daa1da335c57ef068a8
news_articles,_doc,DKnyeHEBQ7bCTl73LxBt,2.877356,2f48b0d3e9e66153593011fee9c56a0011d33357
news_articles,_doc,KafweHEBQ7bCTl732XHv,2.8762581,b8531f98f2769fddc524e31b3dc474f6b81015aa
news_articles,_doc,nKjxeHEBQ7bCTl73k1vE,2.8762581,652a0480702ecf93316714e8becb1e288bf38a94
news_articles,_doc,UKjxeHEBQ7bCTl73xY0z,2.8762581,e82c667deb3a5518dfddd148d48d890c719e9ba8
news_articles,_doc,LqnyeHEBQ7bCTl73mpbw,2.8762581,6d05a9a8b14c30745d55058688e27281818ee6ce
news_articles,_doc,t6nyeHEBQ7bCTl731tIp,2.8762581,bc200de07a823e2d2dbd16ecadd4a2d8d7378d08
news_articles,_doc,aKnzeHEBQ7bCTl73B-Ce,2.8762581,b43f3ed6f741ecae78a6d940cefed9f7c8ba2a10
news_articles,_doc,uqrzeHEBQ7bCTl73OCEH,2.8762581,cbb11b7bc2230482913c4ba9b06fdba61b5ca417
news_articles,_doc,Oav0eHEBQ7bCTl73Cwyf,2.8762581,657db1dc7c39d7b4ae2814d7a44f23bfb93ae26c
news_articles,_doc,vav0eHEBQ7bCTl73VFQv,2.8762581,bd327812e3915f8e53aaa7915e2d60f42589ff2c
news_articles,_doc,C6v0eHEBQ7bCTl730Khd,2.8762581,8530f5457d4475b7ac1bfca6b200e562da54ff6e
news_articles,_doc,8afweHEBQ7bCTl732Xrx,2.8732321,f5efa643eb7bed3e0883ef8d6354e3be6d630975
news_articles,_doc,j6fweHEBQ7bCTl732Xzy,2.8732321,b55e3cfdc1029c749a71e2f9d6402d764507b451
news_articles,_doc,hqfxeHEBQ7bCTl73NfVJ,2.8732321,674e8b835e01a41ffd482cdddb2b0dc4c6f6c512
news_articles,_doc,MKfxeHEBQ7bCTl73NfhK,2.8732321,422658b7ba7c7dac63b6370b77c415ceb724b02d
news_articles,_doc,R6fxeHEBQ7bCTl73NfpK,2.8732321,6d095d6d49caeef4d4a670d2c22e06f63cebc5df
news_articles,_doc,U6jxeHEBQ7bCTl73YjN9,2.8732321,aab90db94ae9f4f5482c299312d44c4cbe22d9d2
news_articles,_doc,KKjxeHEBQ7bCTl73YjV9,2.8732321,b71f1f3266ab48f3a2f45d0468580edf153950e9
news_articles,_doc,OKjxeHEBQ7bCTl73k1nE,2.8732321,9dcf09e733ea76f89e7300015f55c231a6599d27
news_articles,_doc,kqjxeHEBQ7bCTl73k2zF,2.8732321,902f5705ded8de207c95f913a0b385a36ee9a8a3
news_articles,_doc,qajxeHEBQ7bCTl73xXgw,2.8732321,d703cdbb2152270c5f137521944ec908037e7ab1
news_articles,_doc,JKjyeHEBQ7bCTl73L-pq,2.8732321,5caadde2899d03220975be748e4e970ecfb29252
news_articles,_doc,YKnyeHEBQ7bCTl73ZTL3,2.8732321,644acbfa5fcdbd0be337b10583502feeb86862e9
news_articles,_doc,AKnyeHEBQ7bCTl731rwn,2.8732321,5c030bb8689b9affdcc7629572bd9c0c9201ae14
news_articles,_doc,WKrzeHEBQ7bCTl73anbM,2.8732321,072aa48b70ab7b113eeb075f186c31ecbd8550c9
news_articles,_doc,lKv0eHEBQ7bCTl730M9f,2.8732321,89e0c4256b8ed4a6ea80586aa18f37702ec7cacd
news_articles,_doc,Aqv0eHEBQ7bCTl730OJh,2.8732321,b4abcdedb0fb214f649218cc61d690d2094a8e1b
news_articles,_doc,p6v0eHEBQ7bCTl739uyF,2.8732321,cd5c331ed24c455f7843116631a94d5afb76ddd6
news_articles,_doc,cKjxeHEBQ7bCTl73kz7B,2.8706646,f82d6cb7cb4d3a08f8a56d22c94e3c589e716b28
news_articles,_doc,rajxeHEBQ7bCTl73k1bE,2.8706646,4c410c864862d3ca8b02ad77bf07f35c18c33057
news_articles,_doc,aajxeHEBQ7bCTl73k2bF,2.8706646,4c2a626a582bafb609b37ec9811c5322c7813cbd
news_articles,_doc,uqjxeHEBQ7bCTl73k3HG,2.8706646,0ace38ef101d80af1145f0da6ec5458c5a0d1634
news_articles,_doc,aqnyeHEBQ7bCTl731rkn,2.8706646,683b281ec4a674cc6ae0ed807113e9abe611fc20
news_articles,_doc,E6nzeHEBQ7bCTl73B-yf,2.8706646,0b00447a7d90c7fb0327b28a4a393c6048a057a9
news_articles,_doc,gqnzeHEBQ7bCTl73B_Of,2.8706646,7ef79a16908ce0867f7d554b148053fd9de9a093
news_articles,_doc,jqrzeHEBQ7bCTl73BwSg,2.8706646,0b9b4da2192993fe2f6492ceefe9cb2a3b419039
news_articles,_doc,O6rzeHEBQ7bCTl73OBEG,2.8706646,aaa0b236f664f1602f15065581d103aab54134be
news_articles,_doc,r6v0eHEBQ7bCTl73mI0i,2.8706646,e8a4f27566e26938e96e013cbd52de4698880151
news_articles,_doc,IKfxeHEBQ7bCTl73CJKM,2.8692076,7abd6323236a3426c8ae279bca169ecb3706f2bc
news_articles,_doc,d6fxeHEBQ7bCTl73NdlG,2.8692076,e417adf1be493c19377b5dae3f642616a05349c4
news_articles,_doc,yKfxeHEBQ7bCTl73NfpK,2.8692076,c09054d78bd24a755f8d52ad889a40f6175e37fa
news_articles,_doc,1qjxeHEBQ7bCTl73Ygp0,2.8692076,fb36a71c450bfda8f1d404c3ad44151536fbac3d
news_articles,_doc,9ajxeHEBQ7bCTl73YjB8,2.8692076,30032c26e8478350f8406a8ab511001918cb64ae
news_articles,_doc,xajxeHEBQ7bCTl73YjF8,2.8692076,76d3d00719bf899994014c5017923d4a18e454e5
news_articles,_doc,9qjxeHEBQ7bCTl73xaA2,2.8692076,c55fb1652bfd4f1b512823290c91aa09d42fdaf0
news_articles,_doc,WqjxeHEBQ7bCTl73xaw3,2.8692076,31b15e8c68096ed8280e18cdd76e6b3fded12960
news_articles,_doc,hKnyeHEBQ7bCTl73mn_v,2.8692076,316574b0ca57782b0139f170c5106dd25f50c33e
news_articles,_doc,PqrzeHEBQ7bCTl73OB4H,2.8692076,640e0366af0ec3358c24ed35aa641d274cbde55a
news_articles,_doc,FarzeHEBQ7bCTl73OCYH,2.8692076,7526e9444f190823db40020d91814b74932e359c
news_articles,_doc,kKrzeHEBQ7bCTl73ODUI,2.8692076,be0b7d298e7ba3c6c85199a45fe323b2c0b139ce
news_articles,_doc,HarzeHEBQ7bCTl73OD8J,2.8692076,3b4457e8abb833beda343b5234839f7663cbcef6
news_articles,_doc,RKrzeHEBQ7bCTl73OD8J,2.8692076,e068afcdef99e0bc779c78ab22bd7bceefed458f
news_articles,_doc,dqv0eHEBQ7bCTl73Cwqf,2.8692076,2bc2e591ebaa5eea6db354d53e453b906df0e845
news_articles,_doc,9KjxeHEBQ7bCTl73k13E,2.866527,57702508f666c4b91c80f6460e810268de43b079
news_articles,_doc,XKfxeHEBQ7bCTl73CKGP,2.86624,e9cceb3380ffc55b985cca71f5eecdc7c66ce6da
news_articles,_doc,OajxeHEBQ7bCTl73xYcy,2.86624,f2cf96d8106953672e0cf54c8c69ceee881d0775
news_articles,_doc,aanzeHEBQ7bCTl73B-6f,2.86624,f18eaf6d7a3dbc9d7139a793be1d05a39ca06ac5
news_articles,_doc,EqnzeHEBQ7bCTl73B_Sf,2.86624,65a0bbe58966a0178fb63918e70c2a4ab2f80381
news_articles,_doc,U6rzeHEBQ7bCTl73BwWg,2.86624,22890bd378510d11f8a86dce8e43b147bd71bc47
news_articles,_doc,nav0eHEBQ7bCTl73CxSg,2.86624,a2d9ad6bf3b9b0c9aae2da972a4fc4107bf30051
news_articles,_doc,EarzeHEBQ7bCTl73ODYI,2.8659534,8f8d46dfa5103f6d78b8206c23bf90155a0985c9
news_articles,_doc,kajxeHEBQ7bCTl73YjZ9,2.864606,7b58c5f97ea332a64485ef9cb44dee573576fb9e
news_articles,_doc,PKfweHEBQ7bCTl732Xrx,2.863592,8e55451ccf814eae787f87d74da4abc6400b864d
news_articles,_doc,oKfxeHEBQ7bCTl73Nf1K,2.863592,0c502c2079510d1719ec46634118ee975fbe44b8
news_articles,_doc,zajxeHEBQ7bCTl73YjF8,2.863592,4c3a5134b250938a4be5eee862c5175e76e3eeee
news_articles,_doc,P6nyeHEBQ7bCTl73ZTL3,2.863592,98bfc024654339b49b74c943fb6089fc0a33a959
news_articles,_doc,0anzeHEBQ7bCTl73B-yf,2.863592,a27c961045da4e7b3c1b35fefc29afbaf6d98f1c
news_articles,_doc,JKnzeHEBQ7bCTl73B_yg,2.863592,6c3de7ef954f8a7f3e8fe2fd37a6e0ccc0c92f5b
news_articles,_doc,HqrzeHEBQ7bCTl73ODsJ,2.863592,a62e31a9c6f59950e9d56be5916e10e2123c4d67
news_articles,_doc,kKv0eHEBQ7bCTl730Npg,2.863592,9c6a9ab1a39f318492ce0fc46df1691a8ffedfe8
news_articles,_doc,yKnzeHEBQ7bCTl73B_Gf,2.8632789,20450dee1f7a386b42550d35e2a7822fdde3aacd
news_articles,_doc,JanzeHEBQ7bCTl73B_ef,2.8632789,972804536ac0e20d0321d7f8b994f7c59ba60380
news_articles,_doc,danzeHEBQ7bCTl73B_yg,2.8632789,9b8349c07c43a8a78fd17aa4dffcba6b01d847db
news_articles,_doc,a6rzeHEBQ7bCTl73Bwag,2.8632789,42a72949cac2c8701ca4a4d70654381105294bb9
news_articles,_doc,_arzeHEBQ7bCTl73OBUG,2.8632789,d4607e6e21635a4944833c1709bffe82160b4200
news_articles,_doc,aarzeHEBQ7bCTl73lrPe,2.8632789,244b97f940b303cac181e7f2871433feb6399f73
news_articles,_doc,Q6v0eHEBQ7bCTl730L5e,2.8632789,779350f52c5adf96c69fea7d6e7f3d5565a6ca95
news_articles,_doc,WajxeHEBQ7bCTl73Yhh3,2.8624318,5c66dca07a3144243044f100205e32a27ff61ac2
news_articles,_doc,aKjxeHEBQ7bCTl73Yh55,2.8624318,db564d7bb5208f942f38cde689698f5f6df93980
news_articles,_doc,_qnzeHEBQ7bCTl73B-6f,2.8624318,f8f94adac3228d6524859bd7a04360e5bb9d7f07
news_articles,_doc,jqnzeHEBQ7bCTl73B-mf,2.859951,a5f3042a2278cc560eb9b01bbf5e21c54c0aef40
news_articles,_doc,2KnzeHEBQ7bCTl73B_Wf,2.859951,d28d74d2512b289d9bb3b406eab72a4f3e2f8579
news_articles,_doc,YanzeHEBQ7bCTl73B_af,2.859951,952a8f2ac1bba2cdef27416dd0a6e380c9dc9ae2
news_articles,_doc,oKfweHEBQ7bCTl732X_y,2.858896,b70612f76798f57ca2ff65a6557bff415369a324
news_articles,_doc,oKfxeHEBQ7bCTl73CJ-O,2.858896,9a1e2b216a9327555ba680e450f6e7094b5990e3
news_articles,_doc,pKjxeHEBQ7bCTl73YgFx,2.858896,800134d1242e21460735f75c6b938c430eff424b
news_articles,_doc,rKjxeHEBQ7bCTl73-rYR,2.858896,b61d64b792d8dbe38c93c2b434ce80902c0b3de3
news_articles,_doc,K6nyeHEBQ7bCTl73Lx1u,2.858896,16514f5bfcc240356b39874d73ad9aa54bbdff17
news_articles,_doc,R6nyeHEBQ7bCTl731ron,2.858896,1b56eaffcfbd3384130a5f9c7acbfe2e8d4d051e
news_articles,_doc,ZKrzeHEBQ7bCTl73OA4G,2.858896,b99d927ae7df5f5965ee9d141bed1e4d05368b22
news_articles,_doc,96rzeHEBQ7bCTl73alTK,2.858896,937fe51c58a894eefe268ef10311bb736f9b7c2e
news_articles,_doc,qqv0eHEBQ7bCTl73mJci,2.858896,372500bc36b04f65adccc00eabf273d5f93ab8a8
news_articles,_doc,Bqv0eHEBQ7bCTl730Kld,2.858896,789676ffc2478b2194f12bf39e1d58bdde4ebe73
news_articles,_doc,m6v0eHEBQ7bCTl739u2F,2.858896,831a5c6956b7aed60b3277ddf1a5a5f159ba3407
news_articles,_doc,8anyeHEBQ7bCTl73mpXw,2.857437,a82f26316309c9c35ae75f2d773856160ad7b18f
news_articles,_doc,SajxeHEBQ7bCTl73YjN9,2.857094,a391ac7eab4a3590ae34e3b2eaacf176b912cc86
news_articles,_doc,iKjxeHEBQ7bCTl73xY0z,2.857094,cefd9d7166f6bdbbe1d203881d978f92ed5f5e0f
news_articles,_doc,RqrzeHEBQ7bCTl73BwSg,2.857094,ba7e78866915d312cd90f6f11a1ecaa598eca61c
news_articles,_doc,mKrzeHEBQ7bCTl73zfdn,2.857094,023fb180f32280442f97606644e4fa89431b70cc
news_articles,_doc,m6r0eHEBQ7bCTl73C_qe,2.857094,3274baa2b45b4aff909af4877912d3fcc9661b0e
news_articles,_doc,PKv0eHEBQ7bCTl73mHMf,2.857094,a023994a85c99b4ca5212427d2698caadf32e8f0
news_articles,_doc,BKjxeHEBQ7bCTl73xZM0,2.8559308,c8a5ad59d900010a89f96507f867c9186d9bda72
news_articles,_doc,16jxeHEBQ7bCTl73-tgV,2.8559308,07fec6b9660c4ce1a7d44a91a68c966a72c94cd9
news_articles,_doc,AqjxeHEBQ7bCTl73-toV,2.8559308,60a2ba58fc81785ad040ea4f5272b0297c3f25ca
news_articles,_doc,DqjxeHEBQ7bCTl73-uEW,2.8559308,3b6c60803f4d6ffb82609ff132fc3b179427a222
news_articles,_doc,R6rzeHEBQ7bCTl73lrPe,2.8559308,2e080aab2f62b59c791bc611443dc0803382c240
news_articles,_doc,wqr0eHEBQ7bCTl73C_ye,2.8559308,21e83e3b14c250b9d37495292155831f8f40357e
news_articles,_doc,Sqr0eHEBQ7bCTl73C_6e,2.8559308,ac79a3337f6922ba618979a08a8672752cf5ebd8
news_articles,_doc,46v0eHEBQ7bCTl73mI8i,2.8559308,f85da0a9f74001a196fb37aa611933198bc9e8fd
news_articles,_doc,XafxeHEBQ7bCTl73NdxG,2.8552096,687d394c21bad9fe476381ffb749db9f95f2a182
news_articles,_doc,BajxeHEBQ7bCTl73YjN9,2.8552096,d352b4be121a8d5c3437795a348b6354148fccea
news_articles,_doc,_ajxeHEBQ7bCTl73k2jF,2.8552096,1375aefa3d909ae43de3fe66ac4c44f32737bf85
news_articles,_doc,LqjxeHEBQ7bCTl73xYMx,2.8552096,954dee0f74a89b02ddf538059b82754bee31abb1
news_articles,_doc,G6jxeHEBQ7bCTl73-uAW,2.8552096,c426350f32c2ca02ccee0770fb6e499620acd545
news_articles,_doc,56v0eHEBQ7bCTl739vmG,2.8552096,de0d44b39056e973d40eaa1d3f35d922a481837b
news_articles,_doc,uqfweHEBQ7bCTl732W3v,2.8541284,e9f006505a512207b32c91c8f9092b03d530031a
news_articles,_doc,76fxeHEBQ7bCTl73CLWW,2.8541284,87735f16b37e0285b049e632dd351308c2d542a1
news_articles,_doc,RKjxeHEBQ7bCTl73YjB8,2.8541284,65c8874ad3909c4dbd88091eb31fae47bacb03f4
news_articles,_doc,P6jxeHEBQ7bCTl73k1TE,2.8541284,191d867e2fbbe9873c02a3454efeb1161fd1d34d
news_articles,_doc,N6jxeHEBQ7bCTl73k23G,2.8541284,3b0a4c2cbad1c8ad338739a044c8d53a3b2bc6d0
news_articles,_doc,O6jxeHEBQ7bCTl73xaY2,2.8541284,23957f29556c6e8a9d738266e8d53e6d43ea030f
news_articles,_doc,GqjxeHEBQ7bCTl73-tYV,2.8541284,9ef43f3b49f57fd78487330d7027e9d14d04d789
news_articles,_doc,8anyeHEBQ7bCTl73ZTD3,2.8541284,2d1c1c104e7565833268157adc3d01dc683cd8a6
news_articles,_doc,uKnyeHEBQ7bCTl73ZTL3,2.8541284,fd8bfee9c5d85ad4ffa5c1c3251516e46ac3a0d8
news_articles,_doc,danyeHEBQ7bCTl73moHv,2.8541284,4d526ae362b0f25e1c1f13f16375668d7e06f3b0
news_articles,_doc,ZKjxeHEBQ7bCTl73k2TF,2.8537679,4b39531d069aba0575a697a2fd90b4a5cc2a3e78
news_articles,_doc,UqjxeHEBQ7bCTl73k2rF,2.8537679,aca180546c9ee1865a3f40a28550a795028094d2
news_articles,_doc,fqjxeHEBQ7bCTl73xac2,2.8537679,2b69bcace925bc25eea5c315c301f56faafc6c43
news_articles,_doc,ZqrzeHEBQ7bCTl73OCkI,2.8537679,b6cb6b71b4583a0259de2aa21c38c7e57ae4f8a0
news_articles,_doc,hav0eHEBQ7bCTl730N9g,2.8537679,24e0da03e81421197d70d067f2091ee0de711ea9
news_articles,_doc,2afxeHEBQ7bCTl73CKaQ,2.8518827,0494e55498070a81fd95e4e7d819b9ffd64ece8c
news_articles,_doc,0KfweHEBQ7bCTl732XXw,2.8498473,2a592982a59ec7de07d5ce72a31c3fc9ab62bf77
news_articles,_doc,nqfweHEBQ7bCTl732Ybz,2.8498473,7542e3d1d319833967d4eb560e76b165b9084a5a
news_articles,_doc,gafxeHEBQ7bCTl73CJOM,2.8498473,e8e1490711db2ac4d0b6806f5a8c20bd0aaafa39
news_articles,_doc,pqjxeHEBQ7bCTl73Ygdz,2.8498473,b7791dafef94d90504f1c0ad730fab29246f029e
news_articles,_doc,hqjxeHEBQ7bCTl73k2TF,2.8498473,8cea854cb74b9906afba45871a3f3fb2686deb00
news_articles,_doc,m6jxeHEBQ7bCTl73-t8W,2.8498473,2591db134b83615bf2673802c6cd72ba23bc2a9b
news_articles,_doc,g6jxeHEBQ7bCTl73-uMW,2.8498473,31e86bbd7282d6006a6246d4326e4af1cddfaa3a
news_articles,_doc,jKrzeHEBQ7bCTl73OA4G,2.8498473,857ca788326b595389392b9fbfd6ee3c10a6b93f
news_articles,_doc,-KrzeHEBQ7bCTl73OCcH,2.8498473,0fe0b0221be6b2bc83eb9e419a0b801631e59d2f
news_articles,_doc,F6v0eHEBQ7bCTl73mG0f,2.8498473,f4a10f30ef0be9edaba487415c2a84013ab2d4f2
news_articles,_doc,cav0eHEBQ7bCTl73mHEf,2.8498473,57c11ae2d93678762d61e5f202bb899f8d46668a
news_articles,_doc,8qv0eHEBQ7bCTl739uaF,2.8498473,bcd8845b8c403994ec4662e01c1f75e7d0373b82
news_articles,_doc,5KjxeHEBQ7bCTl73xag2,2.8486583,068aabc4337ef9f9d01d822f7af2a7263670e1cf
news_articles,_doc,marzeHEBQ7bCTl73Bwmh,2.8486583,fbe7c842f690f0b248a2d7de33df1add79153684
news_articles,_doc,JqfweHEBQ7bCTl732XHv,2.8486204,1f5d0a57bc1df10e1c536d488e63e2e2cf13710d
news_articles,_doc,LKjxeHEBQ7bCTl73k1vE,2.8486204,fb82b7a931e1533ba70312024a9a39f457bbfe9d
news_articles,_doc,16jxeHEBQ7bCTl73k13E,2.8486204,cd5f34e340e200222caca61a4e0fb17e5665d3aa
news_articles,_doc,ZqjxeHEBQ7bCTl73xXkw,2.8486204,9aeb3de2a068282939ff934aa9bbd21f860a9f43
news_articles,_doc,iKjxeHEBQ7bCTl73xZo1,2.8486204,e7f27b584a5a16a354ca3f7e7425d25cf7eeef5b
news_articles,_doc,HanyeHEBQ7bCTl73ZTb3,2.8486204,16961f8269fa138f4460fec5fe01a9746c4798b2
news_articles,_doc,vqnyeHEBQ7bCTl731r8n,2.8486204,c772222878827c4708d303da085f8974aa0d5b18
news_articles,_doc,VqnyeHEBQ7bCTl731s4p,2.8486204,9d93b1b401ff54fd4307679f13c4c45bdd423460
news_articles,_doc,16nzeHEBQ7bCTl73B9qe,2.8486204,5d1f649b20658f00e05bc3420fc99af2e145294b
news_articles,_doc,2qnzeHEBQ7bCTl73B9ye,2.8486204,2ffec246ffeb59f3c6c19717c554c7609846769c
news_articles,_doc,nanzeHEBQ7bCTl73B_-g,2.8486204,38d191b9b6ace666802c9ea367b0ef2a26d04c8f
news_articles,_doc,D6rzeHEBQ7bCTl73ODAI,2.8486204,899d3de3f4af7dbd2dfd8452a453f8e9e85a1569
news_articles,_doc,WarzeHEBQ7bCTl73lrfe,2.8486204,462b9d20b8dba0d3b8613d0cc359ba51b89336b3
news_articles,_doc,FafweHEBQ7bCTl732Vrr,2.8480215,1907c866571907a4b425c7eae777be6fecd59b3d
news_articles,_doc,BafweHEBQ7bCTl732YDy,2.8480215,5b1d6ff937aff4fa90a07ce4d253d356cfe945de
news_articles,_doc,jafxeHEBQ7bCTl73CIyL,2.8480215,3a15bfd9f79ae7105efbda660b39a48693ee25e6
news_articles,_doc,YqfxeHEBQ7bCTl73NdVF,2.8480215,b6e57f1a03b7adad9d7e44b88c88a4a78afa02d7
news_articles,_doc,BKfxeHEBQ7bCTl73NfhK,2.8480215,e6696ea31090c834248e7765fb81fb3e70cbaffa
news_articles,_doc,0ajxeHEBQ7bCTl73YjB8,2.8480215,1309f1461feb0c749507db434f96057dcf0a58fe
news_articles,_doc,CqjxeHEBQ7bCTl73kzrA,2.8480215,511e8e79d948f351b0ba28f306bc20502d26147b
news_articles,_doc,HKjxeHEBQ7bCTl73k1TD,2.8480215,6c106f9dd8f34387104827a3da35bf658f13f65d
news_articles,_doc,-KnyeHEBQ7bCTl73mmzt,2.8480215,8c143d6cde941bcbb09183baf318f440c5882bbc
news_articles,_doc,0anyeHEBQ7bCTl731sco,2.8480215,935056bdfabe0c3f8b6b129a7ef67274c3f72067
news_articles,_doc,7arzeHEBQ7bCTl73OD8J,2.8480215,91d89dad2dfb311b8307bd8011ca44849b045012
news_articles,_doc,ZqrzeHEBQ7bCTl73amvM,2.8480215,465e76aef5e83aadc59ada063c9ec68440a9d6b3
news_articles,_doc,UKv0eHEBQ7bCTl73CwSf,2.8480215,83f0faaff622aa7c4626f21aa5bb026c83ffdc43
news_articles,_doc,Qqv0eHEBQ7bCTl73CxGg,2.8480215,3618a41495d2b0e7b50666d16a7dd9f02debf907
news_articles,_doc,_KnzeHEBQ7bCTl73B9md,2.8464117,e0b0199a2e2fb6c5de125b714732d476197a8642
news_articles,_doc,TafxeHEBQ7bCTl73NdZF,2.846016,ae97c4be54612e6f619ae1bef853a968c668a903
news_articles,_doc,-KfxeHEBQ7bCTl73NfdK,2.846016,7692cf640f3dbeab3178ce86dcb8614d3769c0f6
news_articles,_doc,AajxeHEBQ7bCTl73YjJ8,2.846016,c35da45ed44b367014d794e268c94fa29aeaa415
news_articles,_doc,F6nyeHEBQ7bCTl73LyBu,2.846016,320e6df58b629ab0e5d23be9f798792f1495dcc0
news_articles,_doc,NanyeHEBQ7bCTl731tAp,2.846016,0b0973ae2ff02ff5a03191cebe6da7fc630508e6
news_articles,_doc,AKv0eHEBQ7bCTl730Khd,2.846016,cda312be91b83ea085e7d660d964b00737d9accd
news_articles,_doc,b6v0eHEBQ7bCTl730L5e,2.846016,e189319a7713efe3bfa25cf1f0d2bf129ca2a766
news_articles,_doc,BqnyeHEBQ7bCTl73LxZt,2.8451564,0eaec292f4896d6bd22d7e86a6fa0bca76389abb
news_articles,_doc,1qnyeHEBQ7bCTl73ZSn2,2.8451564,4fe06fcbf716105dc6fdb0495631c464d2df4de0
news_articles,_doc,CKnyeHEBQ7bCTl73ZS_2,2.8451564,00efb6c526c69cf22f5b30b7b88df74a1aee86ca
news_articles,_doc,v6rzeHEBQ7bCTl73ODoJ,2.8451564,3dc636b94f8084bcdb8117e56744b4b5ffd8fbe7
news_articles,_doc,iqrzeHEBQ7bCTl73lojb,2.8451564,02327f5e36a756116734520b829830c8c639662b
news_articles,_doc,UKv0eHEBQ7bCTl73mHkg,2.8451564,e2bef0f24d6fd5195dea5cafe16f807ef90f5865
news_articles,_doc,xafweHEBQ7bCTl732V_t,2.8426542,89abcce06ac94659db4d178b315ade6d45e6e4bd
news_articles,_doc,H6jxeHEBQ7bCTl73kznA,2.8426542,a882a7c719795a1ac5e6aaae122183d4aae057b0
news_articles,_doc,HKjxeHEBQ7bCTl73k2XF,2.8426542,206fcd0728c15dcfe43e9d75296cb0d0c435a942
news_articles,_doc,karzeHEBQ7bCTl73OCQH,2.8426542,f7bfc6e3e44d312debc28d2013b04870ac383774
news_articles,_doc,lav0eHEBQ7bCTl73CyKh,2.8426542,0cd214b449c90be9ee65d53b18046150fbbd1236
news_articles,_doc,Q6v0eHEBQ7bCTl73mIsh,2.8426542,bf51ee1de38a7ee4bb7e0712ddc40f684209a39c
news_articles,_doc,tKfweHEBQ7bCTl732Vrs,2.8413475,4f7faca122304818b328053b22984717bec53ec6
news_articles,_doc,TafxeHEBQ7bCTl73CKCP,2.8413475,53bb454426bb49a969172ffd1ca59d6ce2cb7ba7
news_articles,_doc,wafxeHEBQ7bCTl73CKOP,2.8413475,52514d7fa80f5c12eb26a3e9ae4e17466611017e
news_articles,_doc,PafxeHEBQ7bCTl73NchD,2.8413475,d328cfd04417bece70267d3fab3c4b87e3b017eb
news_articles,_doc,gKjxeHEBQ7bCTl73Yhx4,2.8413475,d91aa031094f5c19a77395104be1720e671cf175
news_articles,_doc,_6nyeHEBQ7bCTl73LwBr,2.8413475,9e97ac19039db786d35f814848dc85dcbcbf8619
news_articles,_doc,PqnyeHEBQ7bCTl73LwFr,2.8413475,58cb1c6217007b4e4e24e2658ce988ab4acb1945
news_articles,_doc,JqnyeHEBQ7bCTl731qkm,2.8413475,5d935ebc7a2e45eeb22b34437c45516a0df0a0e4
news_articles,_doc,vanyeHEBQ7bCTl731rcn,2.8413475,331ef6c00397800edec1362c0973816b06981817
news_articles,_doc,LqnyeHEBQ7bCTl731rwn,2.8413475,f4084a9ae55280432b936b4496a00cab8096bf3c
news_articles,_doc,ZKnyeHEBQ7bCTl731sYo,2.8413475,6a427b30543da46a198819ee18a7a7cf936327e1
news_articles,_doc,BKnzeHEBQ7bCTl73B9Od,2.8413475,9386db8c506ce25b29d6bd850e2cf1d97e0a921b
news_articles,_doc,PqnzeHEBQ7bCTl73B9Wd,2.8413475,f5e3b64dc1a963b0ba97a097beff7972ff44f9df
news_articles,_doc,3KrzeHEBQ7bCTl73amnL,2.8413475,6ed8b05d84c25e755e227f072987f025e1a2089c
news_articles,_doc,8KrzeHEBQ7bCTl73amnL,2.8413475,9737de2511246f9d453f9c3adb7df486b2778130
news_articles,_doc,bKv0eHEBQ7bCTl73CwGf,2.8413475,6b0a5661eb02887fbd573770361430f0144bad01
news_articles,_doc,7anzeHEBQ7bCTl73B_Kf,2.840962,492eb267f36dc88f4a646fb0062c815184daf790
news_articles,_doc,uafweHEBQ7bCTl732WDt,2.8399198,170ff179bbadc5c07f26a98c2300064296a59ecb
news_articles,_doc,D6fweHEBQ7bCTl732Xjx,2.8399198,9aec9e1ed45ace5a7826f16bf67fa1483f4a3c77
news_articles,_doc,_6fxeHEBQ7bCTl73CLqW,2.8399198,163c7eaa6340a6adacf795a274010b511aa242c7
news_articles,_doc,lKjxeHEBQ7bCTl73YjF8,2.8399198,5cfee862e16e423284425a14baa0f9940a0a6fd5
news_articles,_doc,OajxeHEBQ7bCTl73YjJ8,2.8399198,d9a433c24af44679546238752424aa6e37b52e00
news_articles,_doc,VajxeHEBQ7bCTl73k2TF,2.8399198,73ee20b968e368e9c1f8da40d5373ac7484dac43
news_articles,_doc,o6jxeHEBQ7bCTl73k2nF,2.8399198,b34acd09397984f8b5e5c86a9e846760549a3e10
news_articles,_doc,FajxeHEBQ7bCTl73xaU2,2.8399198,97bea1b74ae5606640484209ff3470fd19ff5232
news_articles,_doc,eKjxeHEBQ7bCTl73-rQR,2.8399198,d6fd6f2774829ff610bf2dd822b2f1adc0c931bb
news_articles,_doc,TajxeHEBQ7bCTl73-uMW,2.8399198,6cdd8cf49ab9599cfa7075e6c77c37e87aae935d
news_articles,_doc,bajyeHEBQ7bCTl73L-lq,2.8399198,c25562339c81d418ac0d0bd13f254bf5b6a8a494
news_articles,_doc,WqjyeHEBQ7bCTl73L_xr,2.8399198,7f5477781a1cf84d3cfc15fc685a702741dcc4cd
news_articles,_doc,XKnyeHEBQ7bCTl731s4p,2.8399198,74e9ba6e51b15dc913dbb5d824a83ca72b953ac2
news_articles,_doc,rqrzeHEBQ7bCTl73OBAG,2.8399198,c6e0d9463a3307dce369cf8053440cdce5ca6e81
news_articles,_doc,RKrzeHEBQ7bCTl73OBEG,2.8399198,e5252413674b52e03ae1170e21f0612925601da3
news_articles,_doc,96rzeHEBQ7bCTl73OBMG,2.8399198,fc01d53ea4c423abffe5cecaf1ebf4e1cff6473d
news_articles,_doc,IqrzeHEBQ7bCTl73OC4I,2.8399198,8ee4e4c1fc04c00687e4ae97d8230790878ec668
news_articles,_doc,SKrzeHEBQ7bCTl73annM,2.8399198,bf04467ada7993fd9cebfc5dc7273333c2a0f0f0
news_articles,_doc,varzeHEBQ7bCTl73lojb,2.8399198,d9943500c13c157473c1fd418f9b088a85f4c6c6
news_articles,_doc,0arzeHEBQ7bCTl73zcVj,2.8399198,eb8fd9472d99d324b92ee3b02b8e4e41fe61c757
news_articles,_doc,yqrzeHEBQ7bCTl73ze9m,2.8399198,935d76d71608b1294bb27ad8c4f6f8976fbeef5d
news_articles,_doc,rav0eHEBQ7bCTl739u-G,2.8399198,f0463fbc38a42bda134a5e1a94cafc2e20ced3dd
news_articles,_doc,1av0eHEBQ7bCTl739veG,2.8399198,8938b6485ca7d0232b51868f428d58ec31c0ba66
news_articles,_doc,wKfweHEBQ7bCTl732U_q,2.8394444,c88dacc7d299f8cfb2cb35872bc937b89d8a1cee
news_articles,_doc,r6fweHEBQ7bCTl732VLq,2.8394444,48078787b0f23c99c1f8829ffde2fb4254cdcd73
news_articles,_doc,RafweHEBQ7bCTl732VPq,2.8394444,751b2e3f33a2ee89de1f9d9864c4caacf8c9110f
news_articles,_doc,8KfxeHEBQ7bCTl73CI2L,2.8394444,740cfb88ffe72e05a83b96d252a6a8f60918c04a
news_articles,_doc,dafxeHEBQ7bCTl73CLuW,2.8394444,323f64891775f873710974e82a9c7de689d69e6c
news_articles,_doc,YqjxeHEBQ7bCTl73Yglz,2.8394444,4fd28f32b5cf20d4cad966b5fc0f8a59735d903e
news_articles,_doc,o6nyeHEBQ7bCTl73movw,2.8394444,19c586afaf23a4ae59f9b8a6c319eaf842dbd8db
news_articles,_doc,g6nyeHEBQ7bCTl731q8m,2.8394444,7b075d9169b68b98d00d9cf258b488f538d27952
news_articles,_doc,xqrzeHEBQ7bCTl73ODkJ,2.8394444,b96a96de8856e86d5429dbde653f51a8c50f3906
news_articles,_doc,hqrzeHEBQ7bCTl73alHK,2.8394444,d84a3fc887dedea16acaaec20f941a8f62ff66fc
news_articles,_doc,C6rzeHEBQ7bCTl73zc9k,2.8394444,9bfec07a936c82a164cab16582bbace1902c391c
news_articles,_doc,96r0eHEBQ7bCTl73C_6e,2.8394444,e139c5760d93b922ce9966d025aeb5e2bc997037
news_articles,_doc,5qv0eHEBQ7bCTl73CwOf,2.8394444,0d5ccbf3ae277d41e90f6b37b9b616afc9b03836
news_articles,_doc,QKv0eHEBQ7bCTl730Khd,2.8394444,61065dadeffc40dbca36a4954662406dcbd1b083
news_articles,_doc,BKv0eHEBQ7bCTl730Kpd,2.8394444,8320b3cf71fe2949134941be63a8c6d7ccdbf09d
news_articles,_doc,CanyeHEBQ7bCTl73ZSX2,2.834972,420232e29e1ba948bee9f4516c8105a9a282b98e
news_articles,_doc,vqnzeHEBQ7bCTl73B-2f,2.834972,9882468ba812abdec38fb60912f478045e13288b
news_articles,_doc,FKv0eHEBQ7bCTl739vaG,2.834972,9b9dd0a34d1f73a8d5b46a548f7191ee46c24bee
news_articles,_doc,MKfxeHEBQ7bCTl73CLSV,2.833401,5e8bfe7712fc725116f34becb389146dc26afa39
news_articles,_doc,RanyeHEBQ7bCTl73ZST2,2.833401,50978724d1ec0c93413e9e3699f5a37d7cbaa92c
news_articles,_doc,PanyeHEBQ7bCTl73ZTv3,2.833401,e60c458331a2d15bb59a6eaf44f098e54afe8ed4
news_articles,_doc,rqnyeHEBQ7bCTl73mmLs,2.833401,1617d511406108aa3697f296100a961a50807090
news_articles,_doc,KqnyeHEBQ7bCTl73mmXt,2.833401,ecfa56ba9e342b7903d9cc3edac5e560a847d224
news_articles,_doc,WqnyeHEBQ7bCTl73mnbu,2.833401,eaa200554148eaca0ed4eaf9a4c08c5b39b502be
news_articles,_doc,FqnyeHEBQ7bCTl731pol,2.833401,b8d5c06b83e441b240c6728870671c39b6829cfe
news_articles,_doc,ZanzeHEBQ7bCTl73B_Sf,2.833401,9bcdda3b6fa58fe318f356d8dca7d2437b48633b
news_articles,_doc,HKv0eHEBQ7bCTl739vSG,2.833401,085802633570c0772e734d7854e2a21daf233c62
news_articles,_doc,kKjxeHEBQ7bCTl73-rkR,2.8328583,082087e695c53171f8d1e40a11d30c1679a5e075
news_articles,_doc,-qjxeHEBQ7bCTl73Yg10,2.8323362,465890e9ef1997a4aad3fd177f0a8695d9b2ddc1
news_articles,_doc,DqjxeHEBQ7bCTl73k2_G,2.8323362,26241de613c1b624e26315c16fe19db9c95d62b9
news_articles,_doc,BKjxeHEBQ7bCTl73xZ41,2.8323362,3abdbcbf1fc393b35587d685c5d70890765af2da
news_articles,_doc,SKjyeHEBQ7bCTl73L_Bq,2.8323362,4292ef6cd221b9fd0b601ed62443220567c42ded
news_articles,_doc,k6nyeHEBQ7bCTl73mnru,2.8323362,78015a59a7ade22337392e3382e594595fce6271
news_articles,_doc,lKrzeHEBQ7bCTl73OA0G,2.8323362,60b2599d87d5f42dfcb2b80964bc0c9e8e39d656
news_articles,_doc,NKrzeHEBQ7bCTl73loXb,2.8323362,721ef923f4e96ab5b79dbca34f9b40b1762dd8a7
news_articles,_doc,barzeHEBQ7bCTl73lprc,2.8323362,17a2f8aa4ffbdfb73674b816cf063191ad66449a
news_articles,_doc,7av0eHEBQ7bCTl73VFsw,2.8323362,b667c354b24d874facf2b7ca518b9ca151078035
news_articles,_doc,lav0eHEBQ7bCTl739vOG,2.8323362,ca1b3995e07256b88fbb486c7e876ff3267b5f6c
news_articles,_doc,KajxeHEBQ7bCTl73Yh14,2.8302648,e4eb1853a7e3525b4bc9476810486f9906874cd2
news_articles,_doc,bqjxeHEBQ7bCTl73kz7B,2.8302648,185b8f888e76c0604f46c022ada7f786bb71d991
news_articles,_doc,KKjxeHEBQ7bCTl73k2bF,2.8302648,cdd217db63600f694482e3059cd310387bda982e
news_articles,_doc,LqjxeHEBQ7bCTl73k3HG,2.8302648,9ff338db30a6a2dc88ddf02bce792eed997b2b6d
news_articles,_doc,XarzeHEBQ7bCTl73OCMH,2.8302648,86308b18c0997df0a9fb5e796114ffa11d21b60e
news_articles,_doc,tKv0eHEBQ7bCTl73CwKf,2.8302648,5940b0004fd9d7bcf8b965870f606f9a1068e6df
news_articles,_doc,hav0eHEBQ7bCTl73CwOf,2.8302648,9f9ac1aecae4a1e8c855b6d5f22b2bc31a6ca765
news_articles,_doc,fKv0eHEBQ7bCTl73mJwj,2.8302648,7b2f60188868a516183d5e8ad1022a1bd83de497
news_articles,_doc,NKv0eHEBQ7bCTl739uaF,2.8302648,094bdc162adf07c456fe7227e9303b72a97e484f
news_articles,_doc,cqfweHEBQ7bCTl732VTr,2.8286545,e2babd283ba1ef915941048dfd81892cc8ae2214
news_articles,_doc,g6jxeHEBQ7bCTl73YjV9,2.8286545,3ad396930db3902bb12cc9e9f83ec44dfc6e11e9
news_articles,_doc,yKjxeHEBQ7bCTl73k1PD,2.8286545,a7294b5db35e37bca4359669df6bebe15421b684
news_articles,_doc,k6jxeHEBQ7bCTl73xZU1,2.8286545,4629ccec4ee726576e2466754b1400128c131817
news_articles,_doc,L6jxeHEBQ7bCTl73-toV,2.8286545,1b34e7802b8a3b2677cd04e18421d26a88794b0f
news_articles,_doc,banyeHEBQ7bCTl731s8p,2.8286545,d62f62eeef65fde3d79dc6ddf5cf4b7417a604e3
news_articles,_doc,AanzeHEBQ7bCTl73B9ue,2.8286545,0d5e7d8b9b31e9bd205af1529b2aef0278739ced
news_articles,_doc,FarzeHEBQ7bCTl73OBEG,2.8286545,aa3714bb4435898dd8477d05ed44947c3f0c3122
news_articles,_doc,Xqv0eHEBQ7bCTl73mIsh,2.8286545,b2a8a0450ef125b227ee6da4fb06dfc4207cfb81
news_articles,_doc,yqv0eHEBQ7bCTl730LBd,2.8286545,a97b6745bdcb9d5b63ea1b8a2cb51dc46f195b55
news_articles,_doc,pqv0eHEBQ7bCTl730Lhe,2.8286545,a569d117570e4a90e99a1e06b97a1c5a54bdc80f
news_articles,_doc,NKfweHEBQ7bCTl732YHy,2.8269122,5bbecb7d0f309390de3c813edafff95244c1e03a
news_articles,_doc,zafxeHEBQ7bCTl73CI-M,2.8269122,934040e29f6426244029aaeb23cdbc07611d7ee0
news_articles,_doc,vqfxeHEBQ7bCTl73CKWP,2.8269122,c732b8da4c9c8897dd5c1b07fa362098f1b4ecc0
news_articles,_doc,wqfxeHEBQ7bCTl73NdhF,2.8269122,58d49534eb4cd31e588d4ffa9a0a3f887ba43025
news_articles,_doc,mKfxeHEBQ7bCTl73NdxG,2.8269122,74ffd5fc0c4ad60d38bd540d32fb7a86dc08cb60
news_articles,_doc,QKfxeHEBQ7bCTl73NeNH,2.8269122,47e6865a1838a005c8983d09e19c07a58e85ce4f
news_articles,_doc,dqfxeHEBQ7bCTl73NedH,2.8269122,6df63603bcc93029115642134e99621448755866
news_articles,_doc,pKjxeHEBQ7bCTl73YhN2,2.8269122,bb84a7d05d29c89e980c71c207d88328f8706b09
news_articles,_doc,v6nyeHEBQ7bCTl73ZU34,2.8269122,3c4d3a7944e61433332f5ea95860b749b8de456b
news_articles,_doc,b6nyeHEBQ7bCTl73mnTu,2.8269122,7136ee23f65a3b9e243aab9ff0ffe1d8f84716f8
news_articles,_doc,tqnyeHEBQ7bCTl73moHv,2.8269122,7367a1a90cee045bbd824fc04005ac917daa6409
news_articles,_doc,banyeHEBQ7bCTl73moPv,2.8269122,3d755823b71a5f020b37b70ddb93777bc48f03f1
news_articles,_doc,LqnyeHEBQ7bCTl73mo3w,2.8269122,5531813fff32c74f1940fb3b1a4c13a9a4a71eff
news_articles,_doc,b6nyeHEBQ7bCTl731qsm,2.8269122,19b21aa251df2d60f946f535fd88d0f7aee81ab1
news_articles,_doc,EanzeHEBQ7bCTl73B-qf,2.8269122,7b99d0b7f90962ad8528bf5725ff57bab6dddaf8
news_articles,_doc,PKnzeHEBQ7bCTl73B_Kf,2.8269122,83638a6aacee540b3e4f4346e3ad7a0e6dcb7eec
news_articles,_doc,RanzeHEBQ7bCTl73B_Kf,2.8269122,e0ea1b4ea5d107fcb37221b2e2689d279e5c79b9
news_articles,_doc,7qnzeHEBQ7bCTl73B_ef,2.8269122,b68d959e9b23335d371dbb5b469fc54d488cb195
news_articles,_doc,harzeHEBQ7bCTl73lp7c,2.8269122,be66ad5cda71a90afc15a8b6f77eee5970023e26
news_articles,_doc,2qrzeHEBQ7bCTl73zddl,2.8269122,2912b89be94e905d24c63d23e774186b347551e0
news_articles,_doc,aav0eHEBQ7bCTl73CzGi,2.8269122,867dcb37a8e7dfc670375d7da77b6d06844eef00
news_articles,_doc,4qv0eHEBQ7bCTl730Kxd,2.8269122,ff3f38f56b19cc7d053b43f73eae56bee90116c9
news_articles,_doc,NKv0eHEBQ7bCTl739vWG,2.8269122,ac47920679fd193c63bae7983634da3c21c635cc
news_articles,_doc,mKjxeHEBQ7bCTl73k1PD,2.8254292,75edb16ec603a6da26580e583a5e5fa62f1344b8
news_articles,_doc,t6jxeHEBQ7bCTl73k3HG,2.8254292,250ea010d81bd6bc46f547fa7439cd4855b1409d
news_articles,_doc,DajxeHEBQ7bCTl73k2rF,2.824793,a955582c8f44e217f48a46a6444ff8b622945e7b
news_articles,_doc,0KnyeHEBQ7bCTl73mn_v,2.824793,0ab1646057fd6ca976ce87569cc2d9e06ac57b40
news_articles,_doc,F6rzeHEBQ7bCTl73alXK,2.824793,b0a9e7b6b8f2a579271bc2117ed31ae19c7f58e3
news_articles,_doc,6KfweHEBQ7bCTl732VLq,2.8232493,5335224125c0297456f92550a0b9ba64f2fd1ed0
news_articles,_doc,IafweHEBQ7bCTl732Vjr,2.8232493,b864641c6b6b411750d0945244a836da25a06a71
news_articles,_doc,VKfweHEBQ7bCTl732WLt,2.8232493,18ba5927d369a5dfedc24905d0d652e0672f5769
news_articles,_doc,CqfxeHEBQ7bCTl73CIuL,2.8232493,2a4c506d79dc87dc52d97bd482ca84e8886389a2
news_articles,_doc,06fxeHEBQ7bCTl73CJaN,2.8232493,f05dfbd0e5dd4d4ae0c5973d4ed00ebe8f9a0e9a
news_articles,_doc,K6fxeHEBQ7bCTl73CJ2O,2.8232493,d9e77d4b7b8418908be6a0ace4134b614ea15042
news_articles,_doc,_afxeHEBQ7bCTl73CKqU,2.8232493,9ee48b7db591a2decefab458227d5c97285fc403
news_articles,_doc,cKfxeHEBQ7bCTl73NcVD,2.8232493,5074231c77c4039f36ca69b474af3191211186b1
news_articles,_doc,yafxeHEBQ7bCTl73NcdD,2.8232493,5fbc8a75c6f49feb7dca13fe5114a6f5fdf6d39c
news_articles,_doc,fajxeHEBQ7bCTl73YgJx,2.8232493,a3f943104a6112b49def69e20cb841a6383075cc
news_articles,_doc,dKjxeHEBQ7bCTl73YjF8,2.8232493,b663a5c1aa9571458140a42963d9783a4c312568
news_articles,_doc,PqjxeHEBQ7bCTl73k1HD,2.8232493,3c5aa989a5a361ed177d25dee1d50d7511885022
news_articles,_doc,jajxeHEBQ7bCTl73k3HG,2.8232493,5006f21f460e91491fa4511c527bf96ea8259cf4
news_articles,_doc,tqjxeHEBQ7bCTl73xX0x,2.8232493,c3aacbd98a492f7d1ca581f83ee08eb122c1f8b2
news_articles,_doc,p6jxeHEBQ7bCTl73-uUW,2.8232493,6afa71e53c6092547060a7a0837abda67347c253
news_articles,_doc,zqnyeHEBQ7bCTl73mnTu,2.8232493,ba90cc5a3e8a955364371bb9f00ed2691cba004c
news_articles,_doc,WqnyeHEBQ7bCTl731qgm,2.8232493,3d201dbc075284835259f76a4bdac676a48a32d3
news_articles,_doc,n6nzeHEBQ7bCTl73B-yf,2.8232493,65ac5ca4e4f092e209bf094b80b322fac980adad
news_articles,_doc,7arzeHEBQ7bCTl73ODII,2.8232493,d67082514613cf9f875140ac246e6a83086d939e
news_articles,_doc,8arzeHEBQ7bCTl73zdVk,2.8232493,51a669c52ab9fef37ccb5f951b1f1dd24cdf796a
news_articles,_doc,aqrzeHEBQ7bCTl73zdhl,2.8232493,ff68d0b0a8fa1cb07799fb0f25a2895910febf45
news_articles,_doc,06fxeHEBQ7bCTl73NfNJ,2.822051,ca6101acf2dd61902dbfd0552c49ffb4bf197524
news_articles,_doc,5ajxeHEBQ7bCTl73k1DD,2.8183537,8c175383ebbb8b201d8d604e6c1f6b35b86c1e4a
news_articles,_doc,AqjxeHEBQ7bCTl73-uYW,2.8183537,e0095e97d437cb5dcad10d03c32754df4e3f5974
news_articles,_doc,XarzeHEBQ7bCTl73OEQJ,2.8183537,f4d069d2c62978e4b09a5b280dc3a431578a4716
news_articles,_doc,R6v0eHEBQ7bCTl73CyGh,2.8183537,33289fa6d6aea342c4562b2d10317022ea20e453
news_articles,_doc,Fav0eHEBQ7bCTl73CzKi,2.8183537,3827a9ea70424940c1c4a6e36ea47d10c1d1ea09
news_articles,_doc,zqv0eHEBQ7bCTl73VD0t,2.8183537,c33ff753bf8a64a2940360958c4bfdc2d9c16398
news_articles,_doc,kqv0eHEBQ7bCTl73VGsx,2.8183537,4130b130df8b76dcd2fee4bdd6bf8c866d5dc44e
news_articles,_doc,16v0eHEBQ7bCTl730MRf,2.8183537,bdb6159d96431c90f0502984c9ed717a7efb570d
news_articles,_doc,V6fxeHEBQ7bCTl73CJiN,2.8160746,c5b41555fb4fe8cede660de951807ec0f37e6809
news_articles,_doc,OajxeHEBQ7bCTl73k07D,2.814023,6de2b39b826d0de538989aa440582e1ef866cb36
news_articles,_doc,eqrzeHEBQ7bCTl73BwKg,2.814023,d0c5c0871cd192ca7624ed6d978db7d98955e4e8
news_articles,_doc,9KfweHEBQ7bCTl732XPw,2.8126228,53d383771c2bb4707592347ec184c7f2924a98b1
news_articles,_doc,n6fxeHEBQ7bCTl73CLKV,2.8126228,5b32f6f90c82656611e627b7e17f108bf2a25624
news_articles,_doc,b6jxeHEBQ7bCTl73Yid6,2.8126228,8390d02f3da26fe28b34000496ada4a8b1295ab6
news_articles,_doc,AqjxeHEBQ7bCTl73k2TF,2.8126228,8f15b48f65bf59718698f2f7f0acb97cd5707248
news_articles,_doc,06jxeHEBQ7bCTl73k2fF,2.8126228,94bcb4538dbf74e305503c81ef771267095c0ab2
news_articles,_doc,9KjxeHEBQ7bCTl73xaE2,2.8126228,97d2b3fc8a67aa8905f01a3241cd18367dcf1d16
news_articles,_doc,9ajxeHEBQ7bCTl73-swU,2.8126228,e80adafe9772f90e94377a61e26a4b0c90bf7ce1
news_articles,_doc,nKnyeHEBQ7bCTl73ZSr2,2.8126228,7120201857cb7e99e83e5891420caf77bfe7ce4b
news_articles,_doc,cqnyeHEBQ7bCTl73ZUX4,2.8126228,cd54e3c3fb21906adf6b8a27f16975df12d6fa70
news_articles,_doc,S6rzeHEBQ7bCTl73alTK,2.8126228,cd718fa6641bec2ab8f91bf804c96f71b1ec275f
news_articles,_doc,3arzeHEBQ7bCTl73amXL,2.8126228,c4d2ad5db76f8430422fa6863c6252abcd632198
news_articles,_doc,3KrzeHEBQ7bCTl73am7M,2.8126228,866a2b54e44f8d378d1dad10d639b460b8234b79
news_articles,_doc,-qr0eHEBQ7bCTl73C_ye,2.8126228,669ef18e5497501e9d88b49391d5a55586b1d1d8
news_articles,_doc,Gar0eHEBQ7bCTl73C_6e,2.8126228,17615106047c45f9c93f501ca1a96bdafbed0939
news_articles,_doc,3qv0eHEBQ7bCTl73CwKf,2.8126228,73542435d98665c50890a4cee1ca682e2a9a0618
news_articles,_doc,Aqv0eHEBQ7bCTl73CwOf,2.8126228,ac3965bb91238c16353fce4b4304ff217ea65375
news_articles,_doc,bKv0eHEBQ7bCTl73VGYw,2.8126228,08ede4e3e4ac45f62f676bbc816d8128c4b38c62
news_articles,_doc,F6v0eHEBQ7bCTl73mHMf,2.8126228,4f14beaaeeebb195f8ff6d2da199f8663f81fb10
news_articles,_doc,OKv0eHEBQ7bCTl73mHQg,2.8126228,64a3c783bbe0f9c062ab2ee96259aedbfb497309
news_articles,_doc,uav0eHEBQ7bCTl73mHQg,2.8126228,fb29b365a617d9e63a1f8c88e40cfb888a5d9c41
news_articles,_doc,-Kv0eHEBQ7bCTl73mIYh,2.8126228,338bd7746de61f46da65133858d448125695094d
news_articles,_doc,R6fxeHEBQ7bCTl73CKyU,2.8119233,df7d5605e11a4a81f14cdbe19f58f9b5e2866a01
news_articles,_doc,CKjxeHEBQ7bCTl73YgBw,2.8119233,2112e8fd9a15d0fac040f19f9c1b06671c6b161c
news_articles,_doc,KqjxeHEBQ7bCTl73YjF8,2.8119233,167e5c933f17c83e5d5a2fab5e4b294871dde362
news_articles,_doc,DajxeHEBQ7bCTl73xZc1,2.8119233,90b818d26fc0d5f5f277007e639d7c0e90f9e5b3
news_articles,_doc,2qjxeHEBQ7bCTl73xZ81,2.8119233,268c84c1f2d6347e6bc34bd1924865a701f07b0f
news_articles,_doc,pajxeHEBQ7bCTl73-rMR,2.8119233,ab9be999b31163c8fbbb50e769e042ac19946ca2
news_articles,_doc,V6nyeHEBQ7bCTl73ZVj5,2.8119233,afbdaaf2e78b0fb1b8fae00e7a96e12674892d2e
news_articles,_doc,5KnyeHEBQ7bCTl73mmPt,2.8119233,532afdb9e5c245142c66b5d7b02acd172d04506b
news_articles,_doc,iqnyeHEBQ7bCTl731p0l,2.8119233,d6b4bec073156f68cdee022c7838a2a5e7048a34
news_articles,_doc,8anyeHEBQ7bCTl731rMm,2.8119233,cf78766323c5f4b4058d9ec3bd8b059e0f78926c
news_articles,_doc,uKnzeHEBQ7bCTl73B9qd,2.8119233,5d515d1982256bbb809b732780e3227a99ed297e
news_articles,_doc,8qrzeHEBQ7bCTl73BwWg,2.8119233,f4eec985f035e0f3772c8ac24f8e7a0c7290516f
news_articles,_doc,sav0eHEBQ7bCTl73VDUt,2.8119233,aafcb83a59d13e479b4d051ceaff87e75a3f3792
news_articles,_doc,Yqv0eHEBQ7bCTl730MBe,2.8119233,97e50bfba30d2c295949d8c92487ae7c6bb64df2
news_articles,_doc,Zqv0eHEBQ7bCTl730Ndg,2.8119233,6ebfde0f5417bc1026872545ecec9cd7247cf4a5
news_articles,_doc,qqfxeHEBQ7bCTl73CJCM,2.8115036,92985deceeb4beec50f474a073d3f8dd7d018d26
news_articles,_doc,X6fxeHEBQ7bCTl73CLOV,2.8115036,c48a98aadd90e63e08dbe1611b47d5ff1264fb9a
news_articles,_doc,kajxeHEBQ7bCTl73YhV2,2.8115036,f4027df1e1855a722c7f9d54b20cff1c481b629f
news_articles,_doc,0qjxeHEBQ7bCTl73YjB8,2.8115036,0d823354ad2a60d276b56aae1d15cdbf772dd404
news_articles,_doc,dqjxeHEBQ7bCTl73YjF8,2.8115036,ab0fc34235c6f9bf096bf519fe45277f61c25ddd
news_articles,_doc,R6jxeHEBQ7bCTl73k1vE,2.8115036,a7a05d7246617d0882498c37bd4b9d3fab073ea6
news_articles,_doc,TajxeHEBQ7bCTl73k17E,2.8115036,9d6e163a4c6d8bcb09821b6e8e5fe2d52bb7aa58
news_articles,_doc,JqjxeHEBQ7bCTl73xYAx,2.8115036,d2ddebeba133ae5089ef4c1a1ab4843e9c4dbf16
news_articles,_doc,UajyeHEBQ7bCTl73L-xq,2.8115036,0e0986d3247b80866dd575dd0313f2b6de5276d5
news_articles,_doc,E6nyeHEBQ7bCTl73ZTH3,2.8115036,24b16d26d70dcf9ba411c2aca8624c89e4f0d2a1
news_articles,_doc,DKnyeHEBQ7bCTl731rgn,2.8115036,cf6fc56a9ff8df5e26e8232ad166dbe08de79b0a
news_articles,_doc,narzeHEBQ7bCTl73OBUG,2.8115036,1f04bfe63d9b55247c917c6078508db65bbd5d0a
news_articles,_doc,JqrzeHEBQ7bCTl73OEEJ,2.8115036,a7a90edc6dcc9df945aff16d3bff823c9d89a451
news_articles,_doc,Aav0eHEBQ7bCTl73CwSf,2.8115036,ca0ec730c4f4093183fa9c9c8aa9704455de6058
news_articles,_doc,Lav0eHEBQ7bCTl73VDkt,2.8115036,e7be2bed7c55d985e677a39266610dbe1bd9480f
news_articles,_doc,P6v0eHEBQ7bCTl73VE4v,2.8115036,48d533005df5b69a7e9714c1fd162bc24faa95ed
news_articles,_doc,F6v0eHEBQ7bCTl73VFgv,2.8115036,2db70d3eba41bc6e2da4861eb6fc0ba9154eb88b
news_articles,_doc,_afweHEBQ7bCTl732VLq,2.8113573,f48b06d5e893f22c624f5e5d023f12073733292c
news_articles,_doc,76fweHEBQ7bCTl732VTr,2.811224,a4a88624f5ef699f54cc257ea8d20b6dfd97fcfc
news_articles,_doc,bafxeHEBQ7bCTl73CJaN,2.811224,4b6dd28b9e1457c6d26ad162ca06563bb767edce
news_articles,_doc,CKfxeHEBQ7bCTl73CKiT,2.811224,c3ae7a932071f4e83b1304d86bde9695b00c2b13
news_articles,_doc,eKfxeHEBQ7bCTl73CL6X,2.811224,0940a119dfff5b06493c5812eb2c13a3cbe338a9
news_articles,_doc,RKjxeHEBQ7bCTl73YjF8,2.811224,b41f866affc98f3c607ee91a303a7e4718f3963a
news_articles,_doc,RajxeHEBQ7bCTl73k1LD,2.811224,594d6b99d8ad9e6def174a94a5a7f62e56fc016f
news_articles,_doc,lajxeHEBQ7bCTl73k2TF,2.811224,d6f7a1526732dfe7ccf4e30fa3e306e58e26491c
news_articles,_doc,N6jxeHEBQ7bCTl73xZ01,2.811224,58f092685be82f6a012de1cd592a36ee8da67c2b
news_articles,_doc,9KjxeHEBQ7bCTl73xao2,2.811224,fb0fe841015511a65a08400b97318100c855bae6
news_articles,_doc,rajxeHEBQ7bCTl73-rIR,2.811224,2cdd8231809bc83ef198392b7967ff6a2aaa0846
news_articles,_doc,7ajxeHEBQ7bCTl73-rsS,2.811224,a50da4f13999a2512423410613408500006ccc51
news_articles,_doc,i6jxeHEBQ7bCTl73-ssU,2.811224,86fac0d84df4b638b26898dc652d066946afa22b
news_articles,_doc,1KjxeHEBQ7bCTl73-uMW,2.811224,ef8e7eeb51ef8bb515f98ffaa5894c851fc28624
news_articles,_doc,wajyeHEBQ7bCTl73L_hr,2.811224,1036840112d09bf36fc1ca27ed24fdfe4bb56d97
news_articles,_doc,t6nyeHEBQ7bCTl73ZS32,2.811224,3278585c31524008026a4b5fcc97449a7a5cad57
news_articles,_doc,xarzeHEBQ7bCTl73OBQG,2.811224,bbdd3d6621d0ca095a9e7490c98d60334d37119c
news_articles,_doc,N6rzeHEBQ7bCTl73OC0I,2.811224,de421c328d365a9fcb47c45eb34892d48265a3fa
news_articles,_doc,96rzeHEBQ7bCTl73OD4J,2.811224,7fc51ef79fa8cd8ba60f4b16adb9ab02620f851b
news_articles,_doc,ZKrzeHEBQ7bCTl73alLK,2.811224,be225fe0653445a85fce0c7b4902c8ba3f10ab3a
news_articles,_doc,m6rzeHEBQ7bCTl73al3L,2.811224,de777a4e7c351ab5f9220ed8d3e368273fa2c955
news_articles,_doc,a6rzeHEBQ7bCTl73lqDd,2.811224,8bd752b2a3e65e6a2523e313630846b62718681d
news_articles,_doc,VqrzeHEBQ7bCTl73zcxk,2.811224,13ffeac71df200296fc9626842d60dca7d4e025e
news_articles,_doc,L6rzeHEBQ7bCTl73zdVk,2.811224,dbaebe4b18cb246400ef0f86d4703c77e9030086
news_articles,_doc,zKrzeHEBQ7bCTl73zd1l,2.811224,f7bf88e1ad384bc468a0b837152bc8666143ddb5
news_articles,_doc,H6rzeHEBQ7bCTl73zd9l,2.811224,0d26e8e614c3840e486525c31750613e909d6ee7
news_articles,_doc,NqrzeHEBQ7bCTl73zd9l,2.811224,c94ab4b205007120beccbd0745dec0b396e4aa09
news_articles,_doc,1KrzeHEBQ7bCTl73zelm,2.811224,acff998e32b6508c012cef9ef53ac70ce5cbef2b
news_articles,_doc,tqv0eHEBQ7bCTl73CwCe,2.811224,79c9013d0d612af2c495c1678f00a5596fb98c5d
news_articles,_doc,C6v0eHEBQ7bCTl73Cwuf,2.811224,36c09974a880bca099635bdd5503bccc8cf49d40
news_articles,_doc,NKv0eHEBQ7bCTl73Cwuf,2.811224,c37345fc63c0a8f60a8293a3eaa0a2a867e8fcb9
news_articles,_doc,86v0eHEBQ7bCTl73VFww,2.811224,e00a3a74336553fc7e294f3f2dbb172ee4d9ac32
news_articles,_doc,a6v0eHEBQ7bCTl73VF4w,2.811224,2efa4c0735c4c7a00da2bea5a9a33fa5b90b519a
news_articles,_doc,_6v0eHEBQ7bCTl73VF8w,2.811224,b4a79a9720227b79b55e635a65f4d306496b8e7c
news_articles,_doc,Aav0eHEBQ7bCTl73mI8i,2.811224,43bb487eb09bde855fae1eb950bcf3a4ff23ad74
news_articles,_doc,iKv0eHEBQ7bCTl73mJUi,2.811224,7514fcb322527cffa6fe689c1c0e180bc77598a6
news_articles,_doc,JKv0eHEBQ7bCTl73mKQj,2.811224,43606d877dbcb60e4ee1a0af3dff72067c5e7cba
news_articles,_doc,7Kv0eHEBQ7bCTl730OBh,2.811224,4b4248c34a7a03e106ace79522daee0d647e5af0
news_articles,_doc,5Kv0eHEBQ7bCTl739vaG,2.811224,4c4ce2950c82ed5a1d3d7c38b9db588fedd6505d
news_articles,_doc,hqjxeHEBQ7bCTl73YjN9,2.8108745,70f0c7a7729b6331d4ff59f22046f78852ee6389
news_articles,_doc,JKjxeHEBQ7bCTl73k0_D,2.8108745,5714c91ea784d9b4948f32f60fa9e1fc4d66b3b9
news_articles,_doc,JajxeHEBQ7bCTl73xXow,2.8108745,0cb27e6317ad6e435cf85b47a1daeadd9889b50e
news_articles,_doc,PajxeHEBQ7bCTl73xYcy,2.8108745,da321d2c285e910b819585417e63f7461e8eefe1
news_articles,_doc,-qjxeHEBQ7bCTl73xY4z,2.8108745,e302d55abc3ba5696ddedf5922ee29c34e775571
news_articles,_doc,QKnzeHEBQ7bCTl73B-Ge,2.8108745,877bff4953c8e1504dee1e735d9586c70068047f
news_articles,_doc,PanzeHEBQ7bCTl73B-6f,2.8108745,82d16cd7d7cf04989999c07965e6402a8a0feb98
news_articles,_doc,Jqv0eHEBQ7bCTl73Cyeh,2.8108745,9b1c4b06de4dd63ec332071fd0e71e8a2f6c4038
news_articles,_doc,66fweHEBQ7bCTl732VHq,2.810665,24fcb998056ae738724a0c686a44b00332077944
news_articles,_doc,VqjxeHEBQ7bCTl73-rsS,2.810665,5f733a1540c31c1bf0365695f7b677fabb1f881d
news_articles,_doc,q6nyeHEBQ7bCTl731sQo,2.810665,c461cc16097fa9b13c7d6572366d4484b3ed4114
news_articles,_doc,M6rzeHEBQ7bCTl73OCgH,2.810665,5963e5aebb3993f0aa99ac5486286f6166bc6406
news_articles,_doc,XarzeHEBQ7bCTl73OEMJ,2.810665,2f6a1427fc0243959d4e956d7fe83eaf016adf67
news_articles,_doc,5KrzeHEBQ7bCTl73amLL,2.810665,a0a0a0b3e2046aa78d061813d6a512ab30baf7a4
news_articles,_doc,UKv0eHEBQ7bCTl73VGEw,2.810665,093fd41b1673642175b8e682e6850a4674de6a8e
news_articles,_doc,eKv0eHEBQ7bCTl739u-G,2.810665,cbe76f14a92ab126c1aaf32805f1fc6cf1ce8629
news_articles,_doc,o6jxeHEBQ7bCTl73k1PD,2.8104253,73569b5dc20e95602a20c53048d72e276e167595
news_articles,_doc,a6nyeHEBQ7bCTl73Lx1u,2.8104253,3f9421280907f7a417e100c5ab7b363481f5780d
news_articles,_doc,k6rzeHEBQ7bCTl73lpvc,2.8104253,eb482b80a0ca94877c4a0fe9547ceebcda4b72bf
news_articles,_doc,j6rzeHEBQ7bCTl73zcJj,2.8104253,59fcffd24bf43d35a256f973e42e5c1443ca58ee
news_articles,_doc,RqjxeHEBQ7bCTl73k17E,2.8102922,c835cace0078db88c1da422c4a2543d598c3ba37
news_articles,_doc,s6jxeHEBQ7bCTl73-sUT,2.8102922,7bcd22e58a6d43cf2740c4803618bcc1d53b6d51
news_articles,_doc,1Kv0eHEBQ7bCTl730Nlg,2.8086965,45bc88c08bba549597c9fa1dd241e5b6d03c7a73
news_articles,_doc,IqjxeHEBQ7bCTl73xag2,2.8060408,3a05a9ea866cdb75944a74ec30da4cddbf053705
news_articles,_doc,J6nyeHEBQ7bCTl73LwFr,2.8060408,80606f4e6bc9067f260d9048890b7272741072fa
news_articles,_doc,j6nzeHEBQ7bCTl73B-uf,2.8060408,7b7c1d978fc6caad4d73f4581c792757308de713
news_articles,_doc,K6v0eHEBQ7bCTl73mHog,2.8060408,ddd65590acf0be2159f042f5e01a3a831c6aabb6
news_articles,_doc,qav0eHEBQ7bCTl73mHwg,2.8060408,d013e6e451bb75c7f62bfce53065dfff986fc7ed
news_articles,_doc,qKfweHEBQ7bCTl732Xzy,2.80339,2fbfd443b786123bf298166a656f804bbcfc21d0
news_articles,_doc,P6fxeHEBQ7bCTl73NdJE,2.80339,1edc2ec676578c162c8e9f6481649822cea894cf
news_articles,_doc,0qjxeHEBQ7bCTl73kz_B,2.80339,09f0b060782ad0a8136f08779a2645046b1bdb5a
news_articles,_doc,tajxeHEBQ7bCTl73k0XC,2.80339,334102b3e3d697edd3f69136c78fa7033e68eeaa
news_articles,_doc,zajxeHEBQ7bCTl73k03D,2.80339,4ac7977cd4c39a3b6dc28dc76b772944d5afb49c
news_articles,_doc,NKjxeHEBQ7bCTl73k1TE,2.80339,e5c75b9409cf0df6175b42d7561e0dd18f528b98
news_articles,_doc,9KnyeHEBQ7bCTl731qAl,2.80339,fb34e9299601cd55dc89f19bbc00bcb2f6f1a0a2
news_articles,_doc,06nzeHEBQ7bCTl73B_-g,2.80339,ab83077059427355b4d3f256db7c9eda5e8561c9
news_articles,_doc,NKrzeHEBQ7bCTl73OD0J,2.80339,aeb84591f4b91ae4eceea1730abb24a2703b608d
news_articles,_doc,EKv0eHEBQ7bCTl73VDot,2.80339,557e260c92d66872e9a305f49f9ec96ecfa3f54d
news_articles,_doc,Lqv0eHEBQ7bCTl730N5g,2.80339,be27c105429ea701582115bf60a8380682788246
news_articles,_doc,aKfweHEBQ7bCTl732VHq,2.8013244,0a97e303b94ac033a7814b0cf816d903ad6ff738
news_articles,_doc,R6fweHEBQ7bCTl732VLq,2.8013244,87737106b3afa5454b49f122fbbd1000cba7939d
news_articles,_doc,y6fxeHEBQ7bCTl73NfZK,2.8013244,a51d71a3438975474b3e7ac598c9bc39a6da55a1
news_articles,_doc,q6jxeHEBQ7bCTl73Ygdz,2.8013244,d1c490419674af9637a741c1c033339fc696d0f6
news_articles,_doc,XajxeHEBQ7bCTl73YjJ8,2.8013244,599c64d459441099ec68573938861f7e65ed2b0e
news_articles,_doc,oKjxeHEBQ7bCTl73k1XE,2.8013244,05a018d31fa53414189c0ca1ba4cd53d5c065317
news_articles,_doc,dajxeHEBQ7bCTl73k1rE,2.8013244,130426892df91e7a456a62ade5f644561f4d0334
news_articles,_doc,gKjxeHEBQ7bCTl73k2PF,2.8013244,ca74a1826a16a91c3b965539db30c6a22fc2dd9f
news_articles,_doc,UqjxeHEBQ7bCTl73k2fF,2.8013244,a788f62dcc93d9e0fbb1dc4bf58ebd9a878393df
news_articles,_doc,UqjxeHEBQ7bCTl73k2nF,2.8013244,7de50f832e79d370620652d5f7de3bf7bd7c77ed
news_articles,_doc,VqjxeHEBQ7bCTl73xZE0,2.8013244,1582e45cd3739e0cd75a45c6001056f4bff46472
news_articles,_doc,lajxeHEBQ7bCTl73xZU1,2.8013244,f1ef71a80dcfec124b155c797733dfba568553a0
news_articles,_doc,FKjxeHEBQ7bCTl73xZY1,2.8013244,34e25d2728928ca46587a03b11437674a53736fc
news_articles,_doc,jqjxeHEBQ7bCTl73-sMT,2.8013244,50e482d3ad706f08f7c8148116bacd8107def7ae
news_articles,_doc,46jxeHEBQ7bCTl73-s8U,2.8013244,e15cdcd04f6aaa4caa04d473f287cf54f6ae85c4
news_articles,_doc,yKnyeHEBQ7bCTl73ZTj3,2.8013244,e7e682513b27de2dee766905d236f59217d11ddd
news_articles,_doc,PanyeHEBQ7bCTl73moTv,2.8013244,b6677c41ce081216afdff8f10952b3ee2d74de32
news_articles,_doc,IqnyeHEBQ7bCTl731qkm,2.8013244,79eb45cb7f60dbb44ddec67f2b3163b3682bd11c
news_articles,_doc,-arzeHEBQ7bCTl73OCkI,2.8013244,adbf74bf470dc9238edf9cae911e97ffca243057
news_articles,_doc,QqrzeHEBQ7bCTl73lqfd,2.8013244,20e7aa192f8018f947efd92b5b129cdee434878b
news_articles,_doc,Iqv0eHEBQ7bCTl739vCG,2.8013244,f2a5ce41ba050f2763c1278fb8e6f68f5282b71d
news_articles,_doc,Wqv0eHEBQ7bCTl739viG,2.8013244,37f4ce13ff826c3f49ab97e89dd4ab00d469cd87
news_articles,_doc,t6fxeHEBQ7bCTl73CLuW,2.8007443,6b5cc4a6af98a907cd6dfc65a1b1f60fdc4f33c5
news_articles,_doc,OqjxeHEBQ7bCTl73YhN2,2.8007443,58e7678bc8d7313a5206c27161f5feed49c3d47b
news_articles,_doc,yqjxeHEBQ7bCTl73k2nF,2.8007443,82f27cc8c517ef15b953e1cf0f9ebc4477c0590b
news_articles,_doc,JqjxeHEBQ7bCTl73-r4S,2.8007443,f671ae7fc4f3a9374fa7926d199f85182b777cd2
news_articles,_doc,qanyeHEBQ7bCTl73LwBr,2.8007443,d17db6d180287e28b16961f0bd4f034c2338231e
news_articles,_doc,-qnyeHEBQ7bCTl73ZUX4,2.8007443,f1b2ede0eefbaa01ccbdebec3ff1e1a11fc54868
news_articles,_doc,PanzeHEBQ7bCTl73B-Ke,2.8007443,72c7898f9eb2b7381a5152af17d4a9217a745bb3
news_articles,_doc,y6rzeHEBQ7bCTl73OCsI,2.8007443,47f5d22a8779e592d60b636921ed1d75783b353d
news_articles,_doc,jqrzeHEBQ7bCTl73ODYI,2.8007443,276d596c48ae4407b87b96aab5f0fa3ac961e01d
news_articles,_doc,QarzeHEBQ7bCTl73zclk,2.8007443,c42750b8d163e3aa318c7ab0d2ff245141134dcb
news_articles,_doc,46jxeHEBQ7bCTl73Yhd3,2.799745,ae5cfc8553541fec008631668b4a56563251c250
news_articles,_doc,T6v0eHEBQ7bCTl73mIEh,2.799745,011082c92c60fc8b63648bdfb7be95b0f861a453
news_articles,_doc,4afxeHEBQ7bCTl73NctE,2.7989047,9be4d2d160ade677662ca65cce0cbf08c5d32e18
news_articles,_doc,nqfxeHEBQ7bCTl73NdVF,2.7989047,50d09417afb4c2b53a2c9a8c1145aea7a61feddf
news_articles,_doc,WajxeHEBQ7bCTl73Yg50,2.7989047,8dfb87e2019be12c23c14580958c4672d5d54c3b
news_articles,_doc,LKjxeHEBQ7bCTl73Yit7,2.7989047,66f629557feb7728e193cade8e4c081eab0800b5
news_articles,_doc,dKjxeHEBQ7bCTl73YjN9,2.7989047,6ae5dea5b5f4d0f475f832b5bf6efbe16863bcc4
news_articles,_doc,NKjxeHEBQ7bCTl73kz7B,2.7989047,b31dd2593d71126592408dbaa1925f3b6f09dea2
news_articles,_doc,rKjxeHEBQ7bCTl73xXsw,2.7989047,c2bd946b9d78d5cce8a100c94b348e033bae9661
news_articles,_doc,dqjxeHEBQ7bCTl73xaA2,2.7989047,da8caa45960edf362efd85163a0fec9c4fbe0594
news_articles,_doc,y6nyeHEBQ7bCTl73Lwhs,2.7989047,47a984cd24b812bbfe92b8067c00a671e69d3506
news_articles,_doc,W6nyeHEBQ7bCTl731p8l,2.7989047,d4bf1166677228b46ba9d79e07da137cb6644964
news_articles,_doc,8qnyeHEBQ7bCTl731qIl,2.7989047,669c0fcb84296692b629f2c4ce4fa94662c47610
news_articles,_doc,AqrzeHEBQ7bCTl73OEMJ,2.7989047,0f950072c7f56c5b390bb6847d7c818dcf697e52
news_articles,_doc,I6rzeHEBQ7bCTl73zcZj,2.7989047,c35bc4bcd4ddff3c890003a2a946efa632da58e0
news_articles,_doc,o6rzeHEBQ7bCTl73zdNk,2.7989047,ceb3612bc536c91438798eedca08b6e754f21fea
news_articles,_doc,8KrzeHEBQ7bCTl73zd9l,2.7989047,e58130ef4f3e99c514c1184de9612f80b59efe8f
news_articles,_doc,earzeHEBQ7bCTl73zeZm,2.7989047,a6c4412be4c110354d7703d18131fdb66337fbe4
news_articles,_doc,Eav0eHEBQ7bCTl73VFsw,2.7989047,5b9116f57e7fd4320be21098fe8423ee20234693
news_articles,_doc,oav0eHEBQ7bCTl730MJf,2.7989047,b58bee3bc8fc7ed382793664b0fa18b6d389f6a5
news_articles,_doc,C6v0eHEBQ7bCTl730Ndg,2.7989047,132193ef010faffb99055c1768d8d57b668fab54
news_articles,_doc,66v0eHEBQ7bCTl739uyF,2.7989047,383cf4496d767508937a3c26232915a045a3488c
news_articles,_doc,RqjxeHEBQ7bCTl73k1nE,2.7984772,6671204984d9ede4910bf72d398a5fe22389be22
news_articles,_doc,TajxeHEBQ7bCTl73k1rE,2.7984772,39f5c556d68aa94f1f46dc899ebaccd3ed2772a0
news_articles,_doc,36nyeHEBQ7bCTl73ZUL4,2.7984772,470696dbc745415bc7d589518957dbc52ff26568
news_articles,_doc,ZanyeHEBQ7bCTl73mpDw,2.7984772,fc10b923acff1dc18db94ca77885d8df818870cd
news_articles,_doc,cKnyeHEBQ7bCTl731tAp,2.7984772,e974ee7631255c3339ccef9736c683c571343e3a
news_articles,_doc,manzeHEBQ7bCTl73B9ye,2.7984772,ad4087c732c843a13e73bcdc7a58e96fc4748001
news_articles,_doc,SarzeHEBQ7bCTl73OBsH,2.7984772,96303324dbee3b6f7d3a4224783503025705fae2
news_articles,_doc,_KrzeHEBQ7bCTl73OCoI,2.7984772,7e870fe7f83ab9291009e4a84fd27a066a2ef3de
news_articles,_doc,SKrzeHEBQ7bCTl73lpnc,2.7984772,78309ee3530cf6f29eca2b7bcd49f37517308e4d
news_articles,_doc,fav0eHEBQ7bCTl73mJ8j,2.7984772,8f0551941312aa136bd38fa71f6d51fca40dff82
news_articles,_doc,3av0eHEBQ7bCTl730L9e,2.7984772,da4aa0da985af103b0d5eeba7d6e3c7c9d19e322
news_articles,_doc,0Kv0eHEBQ7bCTl730MJf,2.7984772,f6dad297223204fbefe84b526884dc01a7962cdd
news_articles,_doc,RqfweHEBQ7bCTl732Wvu,2.7981036,e23ac0cdfc3a122fd9cf054403a77cd70cef5aa5
news_articles,_doc,HKfxeHEBQ7bCTl73CIyL,2.7981036,08f9275b6f716e1cabebcc693f5a02a6a06315e2
news_articles,_doc,e6fxeHEBQ7bCTl73Nc1E,2.7981036,ced9be36363b8f4734c9e97dd46439d950ebcdba
news_articles,_doc,aKjxeHEBQ7bCTl73xaE2,2.7981036,be45889ca341cbbf6fbe146bc50fcbd1a4a75cd1
news_articles,_doc,K6jxeHEBQ7bCTl73-sgT,2.7981036,a429fa980ee4f82c46e1be79a120132018fa72b9
news_articles,_doc,cajxeHEBQ7bCTl73-sgT,2.7981036,36c525d2fd9c4ccdee427a9072662bd30f844d61
news_articles,_doc,oajxeHEBQ7bCTl73-uIW,2.7981036,a62108f6ade779be24a35e563d906b89cb4f8ca1
news_articles,_doc,ManzeHEBQ7bCTl73B-Oe,2.7981036,2bac83901641550010ea303f2297bdc5e01fccf7
news_articles,_doc,3KnzeHEBQ7bCTl73B-yf,2.7981036,3e7b68da62aa1d2458664c9d66edf23e6911b9e5
news_articles,_doc,oqrzeHEBQ7bCTl73OCsI,2.7981036,bc07ad182333a7e63ea0146545c8ceacd0eeb1e8
news_articles,_doc,Z6rzeHEBQ7bCTl73OEYK,2.7981036,bcdc2f1ac361c774b2b0c5762066bfd21291cf6d
news_articles,_doc,J6rzeHEBQ7bCTl73lqDd,2.7981036,c2cc2ad16701d0315a96bad57bf531cbcb8dd438
news_articles,_doc,VarzeHEBQ7bCTl73lqnd,2.7981036,957a1810b8e82dae66939910e82968eea0df5785
news_articles,_doc,R6rzeHEBQ7bCTl73lrfe,2.7981036,230859aba1b6b09e44f295b16226d021fa61e5a4
news_articles,_doc,VarzeHEBQ7bCTl73zdxl,2.7981036,28d9bad35416dce99fe629e3145fef306154944a
news_articles,_doc,rav0eHEBQ7bCTl730MBe,2.7981036,c398f93c61adbc3fd221721a128a317ccb12bfbe
news_articles,_doc,Jqv0eHEBQ7bCTl739uSF,2.7981036,780c75b31b4f15f7f28d68ed1d31a3871813b2be
news_articles,_doc,rqv0eHEBQ7bCTl739uWF,2.7981036,5b95dd7bbcb4e0f3787d751c356327cb8de2540b
news_articles,_doc,p6v0eHEBQ7bCTl739uiF,2.7981036,d18740a9a2ed26f765cf9b919a415be5def5fdd1
news_articles,_doc,Tav0eHEBQ7bCTl739uqF,2.7981036,c8783a4123d694235b522ec8179a265da14b410d
news_articles,_doc,hajxeHEBQ7bCTl73xXQv,2.7968855,161a45b1002e03bf4b4f5f1e17ca5f33ceaa6f81
news_articles,_doc,rqfxeHEBQ7bCTl73NfJJ,2.7964005,651f8e0bd0682485b385c91852095a95e7e06672
news_articles,_doc,1KfxeHEBQ7bCTl73NfRJ,2.7964005,15eab048b7f4ff53bef556d69982590af412f6af
news_articles,_doc,gKjxeHEBQ7bCTl73k13E,2.7964005,eeedc25c15130ef8b194701d0e495ab3915e8374
news_articles,_doc,C6jxeHEBQ7bCTl73k27G,2.7964005,b7e763a39c74edfa8e011b68bf69d4bec730fa38
news_articles,_doc,DarzeHEBQ7bCTl73OBAG,2.7964005,64494299fb8e0041d6905a2ced519b3a25c6c1b6
news_articles,_doc,3KrzeHEBQ7bCTl73alPK,2.7964005,6d43e9001e5f59042c5d601c70a661978e185671
news_articles,_doc,f6v0eHEBQ7bCTl73Cwyf,2.7964005,69e0bb60ec57b132ad8ff59c63a69878c11e7290
news_articles,_doc,LafweHEBQ7bCTl732Vbr,2.7954679,5c92894a68ceab64ebf8a8122edbe9f95649e8aa
news_articles,_doc,w6fweHEBQ7bCTl732Vfr,2.7954679,a76ff19a7ce4b674763110a070a3565d453206a4
news_articles,_doc,tKfxeHEBQ7bCTl73CMCX,2.7954679,66d179a7d4d920ddf37390e5aeae40bfedf411c1
news_articles,_doc,jqjxeHEBQ7bCTl73YjV9,2.7954679,c51037bd59c2899806e6a4add1c2a60d3f9d07ed
news_articles,_doc,CqjxeHEBQ7bCTl73k1PD,2.7954679,46a8c875685ce541ec08b47d1f8ad5c594a8d867
news_articles,_doc,eqjxeHEBQ7bCTl73k1fE,2.7954679,cf95738381e2ab9e32a6533012e7a65d497b2935
news_articles,_doc,SqjxeHEBQ7bCTl73xXsw,2.7954679,e680d2c231c3a9c6d08a8bbdc7d9becdd36c51f8
news_articles,_doc,MKnyeHEBQ7bCTl73ZT73,2.7954679,d6def78ec74d2c43adfa76d3b064139103d3bbc3
news_articles,_doc,QqnyeHEBQ7bCTl73ZV35,2.7954679,044b7b2098b3f297c314641a2a93a56e65faf70f
news_articles,_doc,lKnyeHEBQ7bCTl73mmDs,2.7954679,b1bcc6db9338e4ef59fca13a8194f0233544b809
news_articles,_doc,vKnyeHEBQ7bCTl731p8l,2.7954679,33bdf5b7a1b4d4370e13df3a72dfba57f8a76507
news_articles,_doc,canyeHEBQ7bCTl731rAm,2.7954679,9a894716caaa14ccf4d706c13d8ad9777b3ea79a
news_articles,_doc,YKnyeHEBQ7bCTl731rUn,2.7954679,6144595635c599f3ae60ccb8013a96633e1a3d7c
news_articles,_doc,lanyeHEBQ7bCTl731swp,2.7954679,fd013a8211f4dbac65a03c5ae47511a13910960d
news_articles,_doc,86rzeHEBQ7bCTl73am_M,2.7954679,4a0ab8a9729e3a5f8df04a2c86c59eb435eedb8a
news_articles,_doc,Uav0eHEBQ7bCTl73CwKf,2.7954679,31438b17a0f90ff71c13ec7f3de0bf25ba32a9aa
news_articles,_doc,G6v0eHEBQ7bCTl73Cwef,2.7954679,0d549b2ff7ee464ef82c801365ab81529971da32
news_articles,_doc,nKv0eHEBQ7bCTl739vmG,2.7954679,f886a55af8738413bf9274410b990e7393d506b9
news_articles,_doc,U6fweHEBQ7bCTl732VDq,2.7945595,d4c70aa1e2ccec5c157427ee173b6a67de69a449
news_articles,_doc,XafxeHEBQ7bCTl73CKOP,2.7945595,32c86ebd84327270555005ab234b418275c05c7f
news_articles,_doc,CafxeHEBQ7bCTl73NfFJ,2.7945595,db98eaba6213ba6c05b6596f99e11bedbb0c0582
news_articles,_doc,TKjxeHEBQ7bCTl73k1_F,2.7945595,d5a8784d3e8e7f56d7e7b33805fbb5e0d31f6bc7
news_articles,_doc,i6jxeHEBQ7bCTl73k2HF,2.7945595,2b573308fcf5f4d49d8e9b6bdadcb9974d47ecf6
news_articles,_doc,dajxeHEBQ7bCTl73xYIx,2.7945595,042abbcb97ab8d105acd9aed845f5089f395c4fa
news_articles,_doc,r6jxeHEBQ7bCTl73xaA2,2.7945595,c99abe973d9adc5ea5bca927a2c74a88b3d0879d
news_articles,_doc,sanyeHEBQ7bCTl73ZS72,2.7945595,52f63b55683b19aa297702370748355b0dc8bf46
news_articles,_doc,aqnyeHEBQ7bCTl73ZTP3,2.7945595,8a031216fac9a89d743cdc9c852864b1226e69af
news_articles,_doc,pKnyeHEBQ7bCTl73mmjt,2.7945595,2f06fa58cc1debdef6f731aa3c94aec9f1ece901
news_articles,_doc,NanyeHEBQ7bCTl73mnPu,2.7945595,6ba70c89898bfeff23587ffda4d497fcf0fd3960
news_articles,_doc,ZqnyeHEBQ7bCTl731swp,2.7945595,4e0496fe7d3c1ea923d60323409d4a721aa84497
news_articles,_doc,KanzeHEBQ7bCTl73B_ef,2.7945595,bd72ed438548564bf3aa0cb4bbe311a6f05ae47e
news_articles,_doc,O6rzeHEBQ7bCTl73OA4G,2.7945595,f7f6f564c8c2a55a28f308fca250a80d77bca5d6
news_articles,_doc,wqrzeHEBQ7bCTl73OBEG,2.7945595,9e7fb2969d71448dee825689a48e40b05d78411b
news_articles,_doc,vKrzeHEBQ7bCTl73OBsH,2.7945595,5d659041fa0007db33a7815a91521f54a50088f0
news_articles,_doc,0qrzeHEBQ7bCTl73OCgH,2.7945595,d83be6feab50f1821e8213844908f17681a139c5
news_articles,_doc,gKv0eHEBQ7bCTl73Cy-i,2.7945595,ae4bf194e7daf744bb892d6f9a14c9230c3a9cd5
news_articles,_doc,mqv0eHEBQ7bCTl73VFEv,2.7945595,3e27151b563453965f61661079d03cafe434465f
news_articles,_doc,w6v0eHEBQ7bCTl73mKMj,2.7945595,bf41fae15ad3cac4107c34f1b50c125b106fa10c
news_articles,_doc,jav0eHEBQ7bCTl730Mhf,2.7945595,acaf1d76c5104021a8c1b040c308355158d4a6e3
news_articles,_doc,Lqv0eHEBQ7bCTl739ueF,2.7945595,76062fc90ad1b67813b018c79d3b11ec3fe980e9
news_articles,_doc,tafweHEBQ7bCTl732Yf0,2.792837,703c920a6208e4f3c71c1f49eddc3f36d85bba29
news_articles,_doc,eafxeHEBQ7bCTl73CI2L,2.792837,b8905d1728acca4781e43fa0a839c534f290d187
news_articles,_doc,y6fxeHEBQ7bCTl73CMCX,2.792837,cf4ecaea7334afbfb83b56af1043503cd5ae2b1b
news_articles,_doc,JqfxeHEBQ7bCTl73Nc5E,2.792837,151a98d994339a706ef20fffee8ef62a696a690c
news_articles,_doc,56fxeHEBQ7bCTl73NeBG,2.792837,9b51f5fe0a892be0ea92fa75145ca2f9fff006ec
news_articles,_doc,LafxeHEBQ7bCTl73NepI,2.792837,db6da881a5b7f80786cb472f64f8ae4ca8ff0608
news_articles,_doc,jqjxeHEBQ7bCTl73YiF5,2.792837,8b8c8f5b77dd494da1b9ec82480efbcc0f7240bd
news_articles,_doc,NKjxeHEBQ7bCTl73k0TC,2.792837,19c17e46d069b3d15f57b7bdd367df98e7399c76
news_articles,_doc,6KjxeHEBQ7bCTl73xY80,2.792837,6e29c4e88e6a25b5e448da8c8337d92be30a9889
news_articles,_doc,CKjxeHEBQ7bCTl73-rYR,2.792837,61977448ed80c34c7587de610da7a09fe0e8a8a7
news_articles,_doc,hqjxeHEBQ7bCTl73-rwS,2.792837,ae61ba1480b61fdfd0a771e896bf79b59f2c9468
news_articles,_doc,t6nyeHEBQ7bCTl73mnnu,2.792837,4a5c3dec6ce08857bf442268c5e6f14d5be201e8
news_articles,_doc,oanyeHEBQ7bCTl73mpDw,2.792837,7a188c24f921fa6fdba3cf2db859fbf6ce48ee95
news_articles,_doc,hqnyeHEBQ7bCTl731qkm,2.792837,a4244f4ed5ec3358af41b3cab7d790751056f736
news_articles,_doc,h6nyeHEBQ7bCTl731qkm,2.792837,33fe3c0352162006dcda78c9745c2650298a19c3
news_articles,_doc,L6nyeHEBQ7bCTl731rAm,2.792837,67e27ff34d7c0925a9607b5ad77ebdc9247ed581
news_articles,_doc,nanzeHEBQ7bCTl73B9md,2.792837,1f90729a246d5ab1008d965e705ad8d751aef755
